Data Quality,Item,Dilution Factor,Series,Time Stamp,Date,Time (s),Measurement,Measurement ID,Image,Intensity (Cnt/s),Normalized Intensity (Cnt/s),Number Acqs,Number Unmarked Acqs,Number Marked Acqs,% Acqs Unmarked,Acq Time (s),DLS Temp (C),Attenuation Level (%),Laser Power (%),Set Temp (C),Ramp Rate (C/min),Well,Insert Info,Row,Col,Configuration,Radius (nm),Amplitude,Diffusion Coefficient (cm²/s),Diameter (nm),Polydispersity (nm),%PD,PD Index,Mw-R (kDa),Baseline,SOS,Viscosity from Sample Rh (cP),Lambda (1/s),Sigma (1/s²),D10 (nm),D50 (nm),D90 (nm),Span (D90 - D10)/D50,Range1 Radius (I) (nm),Range1 %Pd (I),Range1 Mw-R (I) (kDa),Range1 %Intensity (I),Range1 %Mass (I),Range1 %Number (I),Range1 Diameter (I) (nm),Range1 Diffusion Coefficient (I) (cm²/s),Range1 Particle Concentration (I) (1/mL),Range2 Radius (I) (nm),Range2 %Pd (I),Range2 Mw-R (I) (kDa),Range2 %Intensity (I),Range2 %Mass (I),Range2 %Number (I),Range2 Diameter (I) (nm),Range2 Diffusion Coefficient (I) (cm²/s),Range2 Particle Concentration (I) (1/mL),Range3 Radius (I) (nm),Range3 %Pd (I),Range3 Mw-R (I) (kDa),Range3 %Intensity (I),Range3 %Mass (I),Range3 %Number (I),Range3 Diameter (I) (nm),Range3 Diffusion Coefficient (I) (cm²/s),Range3 Particle Concentration (I) (1/mL),Range4 Radius (I) (nm),Range4 %Pd (I),Range4 Mw-R (I) (kDa),Range4 %Intensity (I),Range4 %Mass (I),Range4 %Number (I),Range4 Diameter (I) (nm),Range4 Diffusion Coefficient (I) (cm²/s),Range4 Particle Concentration (I) (1/mL),Range5 Radius (I) (nm),Range5 %Pd (I),Range5 Mw-R (I) (kDa),Range5 %Intensity (I),Range5 %Mass (I),Range5 %Number (I),Range5 Diameter (I) (nm),Range5 Diffusion Coefficient (I) (cm²/s),Range5 Particle Concentration (I) (1/mL),RMS Error,Number Unfiltered Peaks (I),Number Filtered Peaks (I),Pre-correction Internal Standard Rh (I) (nm),Internal Standard Viscosity (I) (cP),Mw-S (Da),1/Mw-S (1/Da),Particle Concentration (1/mL),Particle Concentration Calculation,Particle Material,Particle Shape,Particle Core Real RI,Particle Core Imaginary RI,Sample,Concentration (mg/mL),Mw-R Model,dn/dc (mL/g),Conformation Model for SLS,A2 (mol mL/g^2),Viscosity Calculation: Use Internal Standard,Internal Standard Rh (nm),Internal Standard Rh Range Minimum (nm),Internal Standard Rh Range Maximum (nm),Solvent,Rfr Idx @ 589nm & 20C,Viscosity (cP),Temp Model,
Caution,A1 20 um beads,1,,16:13:52,2023-02-23,0,1,1,View,5355204.5241324700,34009071.234528400,10,10,0,100,9.9614696502685500,25.118264606306700,47.512000799179100,30.000001192092900,25,0,A1,"466-WPR3, Z=9, Corner offsets=[-110,44],[-64,24],[-80,14],[-79,24]",1,1,2023-Feb-23 16:09:02,11.559140716765800,0.13447276469862600,2.09514193445417E-07,23.118281433531500,1.8345182940137800,15.87071512463670,0.15870715124636700,1033.2653384065300,1.0000757620564000,0.037936508496898500,--,8281.3823495548000,3418.8098844969400,7.9872906407081900,11.281406820625500,16.404639536779800,0.74612581834052800,--,--,--,--,--,--,--,--,--,11.888534216395600,23.58277669674220,1103.4785154857000,93.961175512820000,97.939218350565100,99.99997649642490,23.77706843279130,2.03709221011899E-07,--,420.99252172502100,10.415141271487000,4650031.071375360,6.038824487180010,2.0607816494349000,2.3503575144122E-05,841.98504345004300,5.75260585217022E-09,--,--,--,--,--,--,--,--,--,--,--,--,--,--,--,--,--,--,--,6.30735070452583E-05,5,2,--,--,--,--,--,,Protein,Sphere,1.5840000000000000,0,20 um beads,0,Globular Proteins,0.185,Sphere,0,,50,25,1000,PBS,1.333,0.90164291621846700,Aqueous,
Caution,A2 20 um beads,1,,16:15:47,2023-02-23,115,2,2,View,5120247.2891973200,22688649.437558800,10,10,0,100,9.9614696502685500,25.028007925092500,35.521599650383000,34.999999403953600,25,0,A2,"466-WPR3, Z=9, Corner offsets=[-110,44],[-64,24],[-80,14],[-79,24]",1,2,2023-Feb-23 16:09:02,11.490317581670900,0.21197295012072800,2.10269438971046E-07,22.980635163341700,1.6056752099838000,13.97415866507590,0.13974158665075900,1018.9281171102900,1.0002310001102400,0.096816031102555800,--,8342.8213881774200,3189.752842363130,9.1739355594946600,10.994010697082800,13.354959130074100,0.38030011847167300,2.5590729708927000,4.724856151579820,30.339644531476600,1.0978670686946200,48.17111253187130,98.646470180178000,5.1181459417854100,9.44116349544448E-07,--,11.616473874549300,12.822900106551000,1045.2966327545300,95.917445618646200,50.805737673462800,1.353529754444140,23.232947749098500,2.07985887765002E-07,--,807.98318164424000,8.181679847925500,21375614.467515900,2.9846873126592300,1.0231497946658700,6.53779016633008E-08,1615.9663632884800,2.99023876534214E-09,--,--,--,--,--,--,--,--,--,--,--,--,--,--,--,--,--,--,--,8.86238806259354E-05,6,3,--,--,--,--,--,,Protein,Sphere,1.5840000000000000,0,20 um beads,0,Globular Proteins,0.185,Sphere,0,,50,25,1000,PBS,1.333,0.90351191096280100,Aqueous,
Caution,A3 20 um beads,1,,16:17:50,2023-02-23,238,3,3,View,5390641.6890713200,27552081.503500800,10,10,0,100,9.9614696502685500,24.972582739616100,56.521600484848000,44.999998807907100,25,0,A3,"466-WPR3, Z=9, Corner offsets=[-110,44],[-64,24],[-80,14],[-79,24]",1,3,2023-Feb-23 16:09:02,11.329136904584300,0.2056253731639320,2.12950020906186E-07,22.658273809168600,1.3999898238624000,12.357427010136100,0.12357427010136100,985.79903444846600,1.0000306940510400,0.041362886409866000,--,8467.9164611531400,3018.3973553778500,7.829136523637750,10.773403081420300,21.900813186011600,1.3061496498392100,--,--,--,--,--,--,--,--,--,11.577262758083800,27.667341034470800,1037.059607438600,88.804637315517900,99.094589733950900,99.958954664732000,23.154525516167700,2.08386040041781E-07,--,--,--,--,--,--,--,--,--,--,--,--,--,--,--,--,--,--,--,--,--,--,--,--,--,--,--,--,9.42578406658508E-05,3,2,--,--,--,--,--,,Protein,Sphere,1.5840000000000000,0,20 um beads,0,Globular Proteins,0.185,Sphere,0,,50,25,1000,PBS,1.333,0.90466290736439400,Aqueous,
Caution,A4 40um beads,1,,16:19:46,2023-02-23,354,4,4,View,6646877.586387450,169299307.3100350,10,10,0,100,9.9614696502685500,24.995918829566300,60.738897323608400,10.000000149011600,25,0,A4,"466-WPR3, Z=9, Corner offsets=[-110,44],[-64,24],[-80,14],[-79,24]",1,4,2023-Feb-23 16:09:02,19.260375768575800,0.22575376620991600,1.25336227860353E-07,38.520751537151600,1.0952515051640200,5.686553151008450,0.056865531510084500,3412.2218002576000,0.9999915437723750,0.069779059254380500,--,4997.7829571002600,1191.9650801696700,15.289429744947400,19.19299261644890,24.007550713329200,0.45423458147480900,--,--,--,--,--,--,--,--,--,20.433070979724300,16.636730880397400,3918.2966852632100,100,100,100,40.866141959448500,1.18142928608317E-07,--,--,--,--,--,--,--,--,--,--,--,--,--,--,--,--,--,--,--,--,--,--,--,--,--,--,--,--,0.00010354696447119500,2,1,--,--,--,--,--,,Protein,Sphere,1.5840000000000000,0,40um beads,0,Globular Proteins,0.185,Sphere,0,,50,25,1000,PBS,1.333,0.90417799004194700,Aqueous,
Caution,A5 40um beads,1,,16:21:40,2023-02-23,468,5,5,View,5993353.6275026300,165283281.75697300,10,10,0,100,9.9614696502685500,25.020588223176900,63.738900423049900,10.000000149011600,25,0,A5,"466-WPR3, Z=9, Corner offsets=[-110,44],[-64,24],[-80,14],[-79,24]",1,5,2023-Feb-23 16:09:02,19.495587428524400,0.20609660593279900,1.23904495250423E-07,38.991174857048800,0.79058949483352600,4.0552227406946300,0.040552227406946300,3510.5217816020900,0.99998196667445200,0.040753299773278200,--,4940.7624143258500,994.95487069595500,15.14459302526010,19.086065162975900,24.026389243353600,0.46535501908077100,--,--,--,--,--,--,--,--,--,20.359374639042300,16.969148744320100,3885.3100379336600,100,100,100,40.718749278084600,1.1864759909224E-07,--,--,--,--,--,--,--,--,--,--,--,--,--,--,--,--,--,--,--,--,--,--,--,--,--,--,--,--,9.41653351606706E-05,2,1,--,--,--,--,--,,Protein,Sphere,1.5840000000000000,0,40um beads,0,Globular Proteins,0.185,Sphere,0,,50,25,1000,PBS,1.333,0.90366584866893900,Aqueous,
Caution,A6 40um beads,1,,16:23:35,2023-02-23,583,6,6,View,6219390.7429727700,186986906.45912500,10,10,0,100,9.9614696502685500,25.018117959128200,66.738897562027000,10.000000149011600,25,0,A6,"466-WPR3, Z=9, Corner offsets=[-110,44],[-64,24],[-80,14],[-79,24]",1,6,2023-Feb-23 16:09:02,19.348075546920800,0.19458898084654100,1.24841040384111E-07,38.696151093841500,1.0482710994937900,5.4179605457485700,0.054179605457485700,3448.6865406550200,0.99999075313697800,0.034591464909522400,--,4978.0639784540600,1158.8279697627100,14.34550122654740,19.173432211679900,25.277517190323600,0.5701647906897310,--,--,--,--,--,--,--,--,--,20.546041865991800,20.791831088676500,3969.172982914600,100.00000000000000,100,100,41.092083731983500,1.17562005200916E-07,--,--,--,--,--,--,--,--,--,--,--,--,--,--,--,--,--,--,--,--,--,--,--,--,--,--,--,--,0.00010091034351783200,2,1,--,--,--,--,--,,Protein,Sphere,1.5840000000000000,0,40um beads,0,Globular Proteins,0.185,Sphere,0,,50,25,1000,PBS,1.333,0.90371710954283600,Aqueous,
Caution,A7 100 um beads,1,,16:25:30,2023-02-23,698,7,7,View,5533542.0928831900,15810120.534625300,10,10,0,100,9.9614696502685500,25.008937642829600,0,34.999999403953600,25,0,A7,"466-WPR3, Z=9, Corner offsets=[-110,44],[-64,24],[-80,14],[-79,24]",1,7,2023-Feb-23 16:09:02,53.605250518178800,0.13355257859874900,4.50487645847638E-08,107.21050103635800,10.912972567025700,20.358029225746900,0.20358029225746900,37426.392520240200,1.0050729973832000,17.104363534635600,--,1753.3456150028600,856.83603470814000,38.485384415505000,40.997336164961600,42.944301255046400,0.10876113564061900,--,--,--,--,--,--,--,--,--,42.913737477409400,3.2506255350197100,22239.630835886100,100,100,100,85.827474954818800,5.62721975071956E-08,--,--,--,--,--,--,--,--,--,--,--,--,--,--,--,--,--,--,--,--,--,--,--,--,--,--,--,--,0.00089248694502478500,2,1,--,--,--,--,--,,Protein,Sphere,1.5840000000000000,0,100 um beads,0,Globular Proteins,0.185,Sphere,0,,50,25,1000,PBS,1.333,0.90390765531906600,Aqueous,
Caution,A8 100 um beads,1,,16:27:25,2023-02-23,813,8,8,View,5464954.0481880200,15614154.689301800,10,10,0,100,9.9614696502685500,24.965353227306500,0,34.999999403953600,25,0,A8,"466-WPR3, Z=9, Corner offsets=[-110,44],[-64,24],[-80,14],[-79,24]",1,8,2023-Feb-23 16:09:02,52.869888679468000,0.13529359897984800,4.56229562815557E-08,105.73977735893600,14.307467123290600,27.061655472800100,0.27061655472800100,36236.117753883400,1.0033282988217500,7.8243341604394400,--,1695.1147065672000,1058.9907897280200,39.743948067800900,42.291061614539400,46.680439733058700,0.16401791301623600,--,--,--,--,--,--,--,--,--,44.940125740594200,4.9561390450674600,24774.925275365000,100,100,100,89.880251481188400,5.3673205850763E-08,--,--,--,--,--,--,--,--,--,--,--,--,--,--,--,--,--,--,--,--,--,--,--,--,--,--,--,--,0.00045133486585099600,2,1,--,--,--,--,--,,Protein,Sphere,1.5840000000000000,0,100 um beads,0,Globular Proteins,0.185,Sphere,0,,50,25,1000,PBS,1.333,0.90481322452703100,Aqueous,
Caution,A9 100 um beads,1,,16:29:26,2023-02-23,934,9,9,View,5761768.7146848200,16462196.608020500,10,10,0,100,9.9614696502685500,24.957551676304100,0,34.999999403953600,25,0,A9,"466-WPR3, Z=9, Corner offsets=[-110,44],[-64,24],[-80,14],[-79,24]",1,9,2023-Feb-23 16:09:02,52.839447310289300,0.13571605099716000,4.56398604007102E-08,105.67889462057900,8.7893743810971000,16.634114905637100,0.16634114905637100,36187.319009221400,1.0045064301805200,9.7732311148334000,--,1800.4902883068500,765.69641072023200,39.300766627078200,41.110344100383700,42.919921573689100,0.088035141174533000,--,--,--,--,--,--,--,--,--,43.135453759254100,2.2667637885081400,22509.410347753500,100,100,100,86.270907518508200,5.59072593127623E-08,--,--,--,--,--,--,--,--,--,--,--,--,--,--,--,--,--,--,--,--,--,--,--,--,--,--,--,--,0.00069364121690014000,2,1,--,--,--,--,--,,Protein,Sphere,1.5840000000000000,0,100 um beads,0,Globular Proteins,0.185,Sphere,0,,50,25,1000,PBS,1.333,0.90497548337354200,Aqueous,
Caution,A10 200 um beads,1,,16:31:55,2023-02-23,1083,10,10,View,5433771.8013915600,543377042.49102300,10,10,0,100,9.9614696502685500,24.980270220349400,94.999998807907100,20.000000298023200,25,0,A10,"466-WPR3, Z=9, Corner offsets=[-110,44],[-64,24],[-80,14],[-79,24]",1,10,2023-Feb-23 16:09:02,100.55253558638400,0.21352086965981200,2.39976882432759E-08,201.10507117276800,6.3460764525403300,6.3112048000902400,0.063112048000902400,163071.42290528500,1.0025716022653000,3.6753023437933000,--,956.88688564327000,240.46854037437900,79.228935376662500,84.645076144878800,88.688705563115100,0.11175806812745000,--,--,--,--,--,--,--,--,--,88.587980165856100,3.3081052376218100,121240.07987774600,100,100,100,177.17596033171200,2.72387788564005E-08,--,--,--,--,--,--,--,--,--,--,--,--,--,--,--,--,--,--,--,--,--,--,--,--,--,--,--,--,0.00087179367223959000,2,1,--,--,--,--,--,,Protein,Sphere,1.5840000000000000,0,200 um beads,0,Globular Proteins,0.185,Sphere,0,,50,25,1000,PBS,1.333,0.90450311474129000,Aqueous,
Caution,A11 200 um beads,1,,16:33:46,2023-02-23,1194,11,11,View,5872264.3061159600,469781032.48475000,10,10,0,100,9.9614696502685500,24.990755590186400,94.999998807907100,25,25,0,A11,"466-WPR3, Z=9, Corner offsets=[-110,44],[-64,24],[-80,14],[-79,24]",1,11,2023-Feb-23 16:09:02,98.449635080582100,0.22476883207333800,2.45170508543851E-08,196.89927016116400,8.0529058889127200,8.1797214203194600,0.081797214203194600,155203.32944982700,1.0015278215011900,1.4024169366458800,--,977.37863433998700,280.04687746235400,81.797635628389000,85.450388404730200,89.103141181071400,0.085494117570073300,--,--,--,--,--,--,--,--,--,90.037882852563600,1.9159576659518200,125933.97582855200,100.000000000000000,100,100.000000000000000,180.07576570512700,2.68075462615963E-08,--,--,--,--,--,--,--,--,--,--,--,--,--,--,--,--,--,--,--,--,--,--,--,--,--,--,--,--,0.00048960252956975900,2,1,--,--,--,--,--,,Protein,Sphere,1.5840000000000000,0,200 um beads,0,Globular Proteins,0.185,Sphere,0,,50,25,1000,PBS,1.333,0.90428524251152500,Aqueous,
Caution,A12 200 um beads,1,,16:35:44,2023-02-23,1312,12,12,View,6460069.171068480,430671158.2778880,10,10,0,100,9.9614696502685500,24.976451502310100,94.999998807907100,30.000001192092900,25,0,A12,"466-WPR3, Z=9, Corner offsets=[-110,44],[-64,24],[-80,14],[-79,24]",1,12,2023-Feb-23 16:09:02,98.710517731784400,0.24197947850362000,2.44430463004522E-08,197.42103546356900,9.185121842069680,9.305109580143660,0.093051095801436600,156167.33904085900,1.0033171503641000,4.3064057164535600,--,974.10592748015200,298.26004943009800,75.387040168540400,83.204904481368200,88.393455323456300,0.1563178905857450,--,--,--,--,--,--,--,--,--,86.873826055560100,4.7400063471455200,115821.9893510110,100,100,100,173.74765211112000,2.77734487452702E-08,--,--,--,--,--,--,--,--,--,--,--,--,--,--,--,--,--,--,--,--,--,--,--,--,--,--,--,--,0.00083937741965567500,2,1,--,--,--,--,--,,Protein,Sphere,1.5840000000000000,0,200 um beads,0,Globular Proteins,0.185,Sphere,0,,50,25,1000,PBS,1.333,0.90458248492239600,Aqueous,
Caution,B1 Rose_Neat,1,,16:37:46,2023-02-23,1434,13,13,View,5602655.2571199100,933776752.79121300,10,10,0,100,9.9614696502685500,25.104710325456600,97.000002861022900,20.000000298023200,25,0,B1,"466-WPR3, Z=9, Corner offsets=[-110,44],[-64,24],[-80,14],[-79,24]",2,1,2023-Feb-23 16:09:02,64.517590270325900,0.27405515606348500,3.75237424392441E-08,129.03518054065200,4.9675733390557900,7.6995642866416400,0.076995642866416400,57738.243135537000,0.99985718691993300,0.58985912231584300,--,1496.0261022417000,415.64876883346200,54.705102347860800,64.34323171574110,75.629572433693000,0.32520079467368700,--,--,--,--,--,--,--,--,--,68.058546019631300,11.525715172166400,65427.0774041806,100,100,100,136.11709203926300,3.55714540155777E-08,--,--,--,--,--,--,--,--,--,--,--,--,--,--,--,--,--,--,--,--,--,--,--,--,--,--,--,--,0.0003117972049265110,2,1,--,--,--,--,--,,Protein,Sphere,1.5840000000000000,0,Rose,0,Globular Proteins,0.185,Sphere,0,,50,25,1000,PBS,1.333,0.90192317121549100,Aqueous,
Caution,B2 Rose_Neat,1,,16:39:42,2023-02-23,1550,14,14,View,5592572.7632803100,1242795083.2331800,10,10,0,100,9.9614696502685500,25.008247228170400,97.000002861022900,15.000000596046400,25,0,B2,"466-WPR3, Z=9, Corner offsets=[-110,44],[-64,24],[-80,14],[-79,24]",2,2,2023-Feb-23 16:09:02,64.624048579263600,0.25237739771579000,3.736699384851E-08,129.24809715852700,3.7720835005464100,5.8369656242131200,0.058369656242131200,57961.406865402800,0.99992185995062900,0.35023936098868100,--,1490.0032805099500,360.04541826587300,53.805566355356500,63.804114133621200,76.016593611222400,0.34811277544502300,--,--,--,--,--,--,--,--,--,67.62025731896630,12.525175884508900,64445.470492206700,100,100,100,135.24051463793300,3.57112871419056E-08,--,--,--,--,--,--,--,--,--,--,--,--,--,--,--,--,--,--,--,--,--,--,--,--,--,--,--,--,0.00024552392278053600,2,1,--,--,--,--,--,,Protein,Sphere,1.5840000000000000,0,Rose,0,Globular Proteins,0.185,Sphere,0,,50,25,1000,PBS,1.333,0.90392198826972900,Aqueous,
Caution,B3 Rose_Neat,1,,16:41:37,2023-02-23,1665,15,15,View,5066170.4357550000,1266543797.9360800,10,10,0,100,9.9614696502685500,24.984258782677400,98.000001907348600,20.000000298023200,25,0,B3,"466-WPR3, Z=9, Corner offsets=[-110,44],[-64,24],[-80,14],[-79,24]",2,3,2023-Feb-23 16:09:02,64.585840315377300,0.21640921891302100,3.7365494338379E-08,129.17168063075500,4.6418110543086700,7.187041357118480,0.07187041357118480,57881.255898983300,0.99992252157725000,0.16244649543488600,--,1489.8173610436200,399.72751481460400,54.513268858310000,64.129765486137200,75.386704465575700,0.32548747760161200,--,--,--,--,--,--,--,--,--,67.831184532088900,11.53877784800000,64916.80996418190,100.000000000000000,100,100,135.66236906417800,3.55777636391124E-08,--,--,--,--,--,--,--,--,--,--,--,--,--,--,--,--,--,--,--,--,--,--,--,--,--,--,--,--,0.00019485542987950800,2,1,--,--,--,--,--,,Protein,Sphere,1.5840000000000000,0,Rose,0,Globular Proteins,0.185,Sphere,0,,50,25,1000,PBS,1.333,0.90442022710429300,Aqueous,
Caution,B4 Rose_5,5,,16:43:34,2023-02-23,1782,16,16,View,4840466.7644438700,387237248.83095500,10,10,0,100,9.9614696502685500,24.998085323251200,94.999998807907100,25,25,0,B4,"466-WPR3, Z=9, Corner offsets=[-110,44],[-64,24],[-80,14],[-79,24]",2,4,2023-Feb-23 16:09:02,274.62498550769800,0.25190877858128400,8.79075344622982E-09,549.24997101539700,156.75493245556600,57.079632490748800,0.57079632490748800,1711364.8960130100,1.0015238591715700,9.1386326168126500,--,2.29031002619535E-07,439.3322651619590,152.20007965653600,326.51624696608200,564.45340830383200,1.2625813645656700,--,--,--,--,--,--,--,--,--,59.381005341001600,20.487606118198400,47550.948659116200,9.2863394377275400,0.45224437456532000,60.537271682499500,118.76201068200300,4.06554339036372E-08,--,366.80269613766300,33.548752623897100,3368510.1933288600,85.13535634367030,55.837859689896900,39.456938871429200,733.60539227532600,6.5816324776047E-09,--,--,--,--,--,--,--,--,--,--,5574.6885522549100,14.065763760863600,1961487923.8159000,5.5783042186021500,43.709895935537800,0.0057894460712602900,11149.377104509800,4.33057473102441E-10,--,0.00050676805667047200,7,3,--,--,--,--,--,,Protein,Sphere,1.5840000000000000,0,Rose,0,Globular Proteins,0.185,Sphere,0,,50,25,1000,PBS,1.333,0.90413299339659400,Aqueous,
Caution,B5 Rose_5,5,,16:45:37,2023-02-23,1905,17,17,View,5339878.3333328000,355991789.86795000,10,10,0,100,9.9614696502685500,25.007017739326100,94.999998807907100,30.000001192092900,25,0,B5,"466-WPR3, Z=9, Corner offsets=[-110,44],[-64,24],[-80,14],[-79,24]",2,5,2023-Feb-23 16:09:02,271.27246201893900,0.22321642229563100,8.90148693186843E-09,542.54492403787900,154.84132420709200,57.079632431058100,0.57079632431058100,1662881.62851881,1.0013294358033300,6.8662539794083000,--,1.72827144079784E-06,444.86635133349100,115.88573879313000,313.64019867561900,736.40869549886500,1.9784548005197100,--,--,--,--,--,--,--,--,--,23.007515894580000,34.27754665932890,5172.2731648224300,1.5767981212568600,1.0315844640447700,97.700720778129400,46.015031789159900,1.04953889272601E-07,--,416.39495052908000,77.951289044392800,4532079.4995587300,98.423201878743100,98.968415535955200,2.2992792218705900,832.78990105816000,5.79912958254935E-09,--,--,--,--,--,--,--,--,--,--,--,--,--,--,--,--,--,--,--,0.0005013914409012060,5,2,--,--,--,--,--,,Protein,Sphere,1.5840000000000000,0,Rose,0,Globular Proteins,0.185,Sphere,0,,50,25,1000,PBS,1.333,0.9039475133148560,Aqueous,
Caution,B6 Rose_5,5,,16:47:32,2023-02-23,2020,18,18,View,4576608.528630650,457660736.92856400,10,10,0,100,9.9614696502685500,25.025313629389400,94.999998807907100,20.000000298023200,25,0,B6,"466-WPR3, Z=9, Corner offsets=[-110,44],[-64,24],[-80,14],[-79,24]",2,6,2023-Feb-23 16:09:02,286.08141060655600,0.21956648804403100,8.44476867724298E-09,572.16282121311100,163.29421755317700,57.079632404970800,0.5707963240497080,1883098.8303885900,1.0007967121166000,5.3316411642400900,--,2.26001486139167E-06,422.04111015829000,82.054739641703000,353.06676814888600,497.23716271510600,1.1759317515216400,--,--,--,--,--,--,--,--,--,77.552936995392900,12.617709047208600,88809.748810529900,12.499914062328800,0.89219447801176200,58.332102988262100,155.10587399078600,3.1151513134509E-08,--,388.72766358798300,20.347343705028500,3858611.6992665000,82.820415146659300,59.385375401655800,41.660795420435000,777.45532717596700,6.21486856153453E-09,--,--,--,--,--,--,--,--,--,--,5757.4202138873800,8.3010161517521400,2115241526.0459400,4.6796707910118900,39.72243012033250,0.0071015913029331800,11514.84042777480,4.196135153735E-10,--,0.00041926029826029500,7,3,--,--,--,--,--,,Protein,Sphere,1.5840000000000000,0,Rose,0,Globular Proteins,0.185,Sphere,0,,50,25,1000,PBS,1.333,0.9035678047631870,Aqueous,
Caution,B7 Rose_10,10,,16:49:27,2023-02-23,2135,19,19,View,6431650.5466843500,238209339.45555900,10,10,0,100,9.9614696502685500,24.975384709453200,91.00000262260440,30.000001192092900,25,0,B7,"466-WPR3, Z=9, Corner offsets=[-110,44],[-64,24],[-80,14],[-79,24]",2,7,2023-Feb-23 16:09:02,263.13763401776800,0.20423673082412600,9.16903422404647E-09,526.27526803553700,150.19799429985600,57.079632436656300,0.57079632436656300,1548541.1835378700,1.0016419695528600,3.8792423336444000,--,1.63566212660357E-06,458.23746440453500,151.88244491748900,262.48171831337600,1207.7841412935600,4.0227628162485100,--,--,--,--,--,--,--,--,--,31.571531430010700,13.107821609652900,10845.026459614700,3.2543873143683000,0.53658954008325800,82.843879098395000,63.14306286002130,7.64206822621882E-08,--,280.33117856842800,35.588997772834900,1795726.5585709100,84.678697633420800,64.790912477285600,17.115126403888500,560.66235713685600,8.6066700973634E-09,--,1535.1905786121200,16.64397487820650,95975680.194881200,12.066915052210900,34.672497982631200,0.040994497716481700,3070.3811572242400,1.5716081153421E-09,--,--,--,--,--,--,--,--,--,--,0.00037215537033653400,6,3,--,--,--,--,--,,Protein,Sphere,1.5840000000000000,0,Rose,0,Globular Proteins,0.185,Sphere,0,,50,25,1000,PBS,1.333,0.90460465981012300,Aqueous,
Caution,B8 Rose_10,10,,16:51:23,2023-02-23,2251,20,20,View,4177149.6912051700,174047933.19340200,10,10,0,100,9.9614696502685500,24.967255495310500,92.000001668930100,30.000001192092900,25,0,B8,"466-WPR3, Z=9, Corner offsets=[-110,44],[-64,24],[-80,14],[-79,24]",2,8,2023-Feb-23 16:09:02,248.16938170227000,0.20117664946501500,9.71998019440032E-09,496.33876340453900,141.65417103454700,57.079632492492600,0.57079632492492600,1350238.5173794700,1.0026532097136600,5.4775508504285300,--,2.05504809448559E-07,485.77189002585900,111.29082011084600,253.87969194743600,643.41226341356000,2.0959590710898000,--,--,--,--,--,--,--,--,--,14.147133650559000,15.995891263037400,1657.7258573430200,1.155665627376680,1.4696999950290700,98.423324145376500,28.29426730111800,1.70508142114521E-07,--,299.3383470746800,57.779818835731200,2093646.4177731900,92.599530327273800,67.076634422850700,1.5765246001953600,598.67669414936000,8.05844456140072E-09,--,3155.9761753752400,21.103352195569800,518145494.54947600,6.2448040453495100,31.453665582120200,0.0001512544281524710,6311.9523507504700,7.64328163762463E-10,--,--,--,--,--,--,--,--,--,--,0.00036915379663694300,5,3,--,--,--,--,--,,Protein,Sphere,1.5840000000000000,0,Rose,0,Globular Proteins,0.185,Sphere,0,,50,25,1000,PBS,1.333,0.90477366814298200,Aqueous,
Caution,B9 Rose_10,10,,16:53:26,2023-02-23,2374,21,21,View,5128602.8500387800,236341238.25436200,10,10,0,100,9.9614696502685500,24.971949046616400,93.800002336502100,34.999999403953600,25,0,B9,"466-WPR3, Z=9, Corner offsets=[-110,44],[-64,24],[-80,14],[-79,24]",2,9,2023-Feb-23 16:09:02,272.51261463662800,0.18472798826466100,8.85280001145375E-09,545.02522927325700,155.54919876384700,57.079632431422800,0.57079632431422800,1680723.408841290,1.002755140575050,11.709348672816300,--,1.70972852137442E-06,442.43314295252400,119.83574490575700,268.40366625005200,1287.2748335147100,4.3495646125837000,--,--,--,--,--,--,--,--,--,33.970288372090300,24.120753778933200,12871.958892278700,3.2287184197273600,0.46899737840714000,70.804860666266700,67.940576744180500,7.10179334232125E-08,--,301.29472833369700,53.74200195416400,2125803.1503918200,84.90674115753080,63.652578812442700,29.173104488245100,602.5894566673940,8.00710882436843E-09,--,1839.2977300599800,23.88005761575010,146491183.80146300,11.864540422741900,35.878423809150100,0.022034845488249400,3678.5954601199700,1.3116417415998E-09,--,--,--,--,--,--,--,--,--,--,0.00040883767413839000,6,3,--,--,--,--,--,,Protein,Sphere,1.5840000000000000,0,Rose,0,Globular Proteins,0.185,Sphere,0,,50,25,1000,PBS,1.333,0.90467608150726900,Aqueous,
Caution,B10 Rose_25,25,,16:55:17,2023-02-23,2485,22,22,View,5126283.6359948000,85712331.684146100,10,10,0,100,9.9614696502685500,24.979703494132600,82.91199803352360,34.999999403953600,25,0,B10,"466-WPR3, Z=9, Corner offsets=[-110,44],[-64,24],[-80,14],[-79,24]",2,10,2023-Feb-23 16:09:02,180.67898447717300,0.20823556255144400,1.33551358887608E-08,361.35796895434700,95.967056466752000,53.114675591325500,0.531146755913255,642526.66481439900,1.0017725989508800,2.4682940836337000,--,131.44505817645200,603.52090433874200,84.893149035737400,195.57538614495900,305.14587164245700,1.1261781298157300,--,--,--,--,--,--,--,--,--,63.56567441504100,18.046192129642700,55764.656984783700,9.2262943163211700,0.88108177636470000,16.494825524673700,127.13134883008200,3.79606196605537E-08,--,221.77968534859300,33.38406804185180,1037926.0173484600,90.773705683678800,99.118918223635300,83.505174475326300,443.55937069718500,1.08801326241546E-08,--,--,--,--,--,--,--,--,--,--,--,--,--,--,--,--,--,--,--,0.00027873343935264200,6,2,--,--,--,--,--,,Protein,Sphere,1.5840000000000000,0,Rose,0,Globular Proteins,0.185,Sphere,0,,50,25,1000,PBS,1.333,0.90451489311760900,Aqueous,
Caution,B11 Rose_25,25,,16:57:14,2023-02-23,2602,23,23,View,5085489.2307374200,84758150.477637400,10,10,0,100,9.9614696502685500,24.987950862116500,93.999999761581400,100,25,0,B11,"466-WPR3, Z=9, Corner offsets=[-110,44],[-64,24],[-80,14],[-79,24]",2,11,2023-Feb-23 16:09:02,183.07406059803000,0.20273996465422400,1.3183279287111E-08,366.14812119606100,104.49800042607000,57.079632190773900,0.57079632190773900,662632.7208383090,1.0062226988046800,32.829913321272700,--,1.14806358351544E-05,658.85591517355400,137.44569773380000,173.83357824032100,206.04573094635800,0.3946305075635010,--,--,--,--,--,--,--,--,--,41.330838585106100,8.5803352408531100,20367.469299976000,8.8561369519996100,1.3323702034246100,58.499550907001000,82.661677170212200,5.83950520655308E-08,--,187.15385392092100,12.12765546074240,697701.00780461800,91.143863048000400,98.667629796575400,41.50044909299900,374.3077078418430,1.28958951179766E-08,--,--,--,--,--,--,--,--,--,--,--,--,--,--,--,--,--,--,--,0.0011163035379944400,4,2,--,--,--,--,--,,Protein,Sphere,1.5840000000000000,0,Rose,0,Globular Proteins,0.185,Sphere,0,,50,25,1000,PBS,1.333,0.90434351231623800,Aqueous,
Caution,B12 Rose_25,25,,16:59:11,2023-02-23,2719,24,24,View,6200558.1554624400,90019722.203529600,10,10,0,100,9.9614696502685500,24.966281257561400,80.320000648498500,34.999999403953600,25,0,B12,"466-WPR3, Z=9, Corner offsets=[-110,44],[-64,24],[-80,14],[-79,24]",2,12,2023-Feb-23 16:09:02,180.84482468164500,0.19450872293023500,1.33381731188358E-08,361.68964936329000,103.22553108117200,57.079615777165500,0.57079615777165500,643907.42756255300,1.0049031060826400,27.584556363617400,--,0.00062816299725534900,666.59670661452500,131.63920093948100,157.96683232518800,184.62986595859400,0.33545437506797400,--,--,--,--,--,--,--,--,--,22.668909020274500,6.3786971484805100,4995.9170717489700,3.2167105535961300,2.401909709489270,92.561080624648600,45.337818040549100,1.0640739601063E-07,--,168.08690807735900,11.699896269492800,542603.82348031200,96.78328944640390,97.598090290510700,7.4389193753513700,336.17381615471800,1.43505500032111E-08,--,--,--,--,--,--,--,--,--,--,--,--,--,--,--,--,--,--,--,0.0013157186658208300,4,2,--,--,--,--,--,,Protein,Sphere,1.5840000000000000,0,Rose,0,Globular Proteins,0.185,Sphere,0,,50,25,1000,PBS,1.333,0.9047939263936570,Aqueous,
Caution,C1 Rose_50,50,,17:01:19,2023-02-23,2847,25,25,View,4940929.9721840500,44917539.360304500,10,10,0,100,9.9614696502685500,25.079490875668400,88.999998569488500,100,25,0,C1,"466-WPR3, Z=9, Corner offsets=[-110,44],[-64,24],[-80,14],[-79,24]",3,1,2023-Feb-23 16:09:02,137.24540584178600,0.21899812499041000,1.7627816441698E-08,274.49081168357200,78.3391732775561,57.079632499949800,0.57079632499949800,337672.77488151900,1.0077438937062800,57.301892579680300,--,2.49150237615021E-09,880.97892591227000,69.830399184707300,133.36643806187700,218.14692951885700,1.1120978597729100,--,--,--,--,--,--,--,--,--,--,--,--,--,--,--,--,--,--,146.37789592757300,39.471351590836300,392607.17553315200,100,100,100,292.75579185514600,1.65280202062914E-08,--,--,--,--,--,--,--,--,--,--,--,--,--,--,--,--,--,--,--,0.00088877529546161800,3,1,--,--,--,--,--,,Protein,Sphere,1.5840000000000000,0,Rose,0,Globular Proteins,0.185,Sphere,0,,50,25,1000,PBS,1.333,0.90244501658958400,Aqueous,
Good,C2 Rose_50,50,,17:03:14,2023-02-23,2962,26,26,View,4960848.6148943200,45098617.90684920,10,10,0,100,9.9614696502685500,25.038721233607100,88.999998569488500,100,25,0,C2,"466-WPR3, Z=9, Corner offsets=[-110,44],[-64,24],[-80,14],[-79,24]",3,2,2023-Feb-23 16:09:02,148.39190039840500,0.1856972291844910,1.62862245313002E-08,296.78380079681100,62.358339463067400,42.022737963222100,0.42022737963222200,405363.12155708700,1.0036421675645600,9.2597040551416300,--,442.42228864499700,558.26662867663800,94.605370624896800,128.85156460072300,179.64849878934400,0.66000850224809900,--,--,--,--,--,--,--,--,--,--,--,--,--,--,--,--,--,--,139.22714248581900,23.372262509790500,349191.65900224600,98.725906492503300,98.183670467653400,99.9814785786116,278.45428497163800,1.73582806151532E-08,--,--,--,--,--,--,--,--,--,--,--,--,--,--,--,--,--,--,--,0.00037158704814870100,5,2,--,--,--,--,--,,Protein,Sphere,1.5840000000000000,0,Rose,0,Globular Proteins,0.185,Sphere,0,,50,25,1000,PBS,1.333,0.90328971916376400,Aqueous,
Caution,C3 Rose_50,50,,17:05:15,2023-02-23,3083,27,27,View,5267560.8762322600,47886910.829131900,10,10,0,100,9.9614696502685500,25.009649713952300,88.999998569488500,100,25,0,C3,"466-WPR3, Z=9, Corner offsets=[-110,44],[-64,24],[-80,14],[-79,24]",3,3,2023-Feb-23 16:09:02,137.36485914189700,0.19172427310047600,1.75801554233054E-08,274.72971828379400,78.407356781228700,57.079632499192900,0.57079632499192900,338360.83801544300,1.0038761802603800,24.699894176099000,--,3.99599179135887E-08,878.59698863540300,77.231704297498600,122.59504574647700,315.3012758842970,1.9419183714741600,--,--,--,--,--,--,--,--,--,--,--,--,--,--,--,--,--,--,117.79914765958600,30.049161752741500,236176.70295436600,73.150208138089600,71.881949165064000,98.062774067315800,235.59829531917200,2.05001107511705E-08,--,--,--,--,--,--,--,--,--,--,--,--,--,--,--,--,--,--,--,0.00050338213561317200,5,2,--,--,--,--,--,,Protein,Sphere,1.5840000000000000,0,Rose,0,Globular Proteins,0.185,Sphere,0,,50,25,1000,PBS,1.333,0.90389287318783400,Aqueous,
Caution,C4 Rose_100,100,,17:07:07,2023-02-23,3195,28,28,View,5129615.8204637900,146560466.98871000,10,10,0,100,9.9614696502685500,25.031878530077800,86.000001430511500,25,25,0,C4,"466-WPR3, Z=9, Corner offsets=[-110,44],[-64,24],[-80,14],[-79,24]",3,4,2023-Feb-23 16:09:02,312.63172818346900,0.015407155816653300,7.72892993836838E-09,625.26345636693700,17.539919701058400,5.6104093474367500,0.05610409347436750,2317698.7733218300,1.0000235409274400,8.2749043274765000,--,308.19166473924600,73.008446240583800,88.686434880804400,275.26998047455500,747.34016623687500,2.3927553967947300,--,--,--,--,--,--,--,--,--,--,--,--,--,--,--,--,--,--,374.70114892879700,77.427588955717200,3540681.6345052200,100.00000000000000,100,100,749.40229785759400,6.4486290755949E-09,--,--,--,--,--,--,--,--,--,--,--,--,--,--,--,--,--,--,--,0.0015958849767304800,3,1,--,--,--,--,--,,Protein,Sphere,1.5840000000000000,0,Rose,0,Globular Proteins,0.185,Sphere,0,,50,25,1000,PBS,1.333,0.90343162466588400,Aqueous,
Caution,C5 Rose_100,100,,17:09:05,2023-02-23,3313,29,29,View,4812495.5518474600,44934602.321181100,10,10,0,100,9.9614696502685500,24.971142732249600,87.400001287460300,85.000002384185800,25,0,C5,"466-WPR3, Z=9, Corner offsets=[-110,44],[-64,24],[-80,14],[-79,24]",3,5,2023-Feb-23 16:09:02,187.60330065855500,0.053678628904685200,1.285930705623E-08,375.20660131711000,107.08154782396600,57.078712073866100,0.57078712073866100,701627.69083532400,1.000879938591770,29.496457460330100,--,0.033331874051141600,642.6496983205930,59.984078338896400,207.3820484228750,619.98894804161900,2.7003536418003400,--,--,--,--,--,--,--,--,--,--,--,--,--,--,--,--,--,--,296.96822843519300,84.061449995503100,2055064.644899650,100.00000000000000,100,100.000000000000000,593.93645687038600,8.12359106778005E-09,--,--,--,--,--,--,--,--,--,--,--,--,--,--,--,--,--,--,--,0.0029189982178387400,2,1,--,--,--,--,--,,Protein,Sphere,1.5840000000000000,0,Rose,0,Globular Proteins,0.185,Sphere,0,,50,25,1000,PBS,1.333,0.90469284483014500,Aqueous,
Caution,C6 Rose_100,100,,17:11:02,2023-02-23,3430,30,30,View,5917088.6777720800,41411833.967897700,10,10,0,100,9.9614696502685500,24.981890066852600,59.175997972488400,34.999999403953600,25,0,C6,"466-WPR3, Z=9, Corner offsets=[-110,44],[-64,24],[-80,14],[-79,24]",3,6,2023-Feb-23 16:09:02,139.8614616201620,0.076500089135457100,1.72537259610916E-08,279.7229232403250,64.591730992967300,46.182651206939600,0.46182651206939600,352925.45562457800,1.0012934602070200,2.2504709279950900,--,380.43032594994000,655.90751677179000,76.528084337100100,117.47642991764200,196.89317185005600,1.0245892524767700,--,--,--,--,--,--,--,--,--,--,--,--,--,--,--,--,--,--,134.73929951627700,36.757692484942700,323421.87154282300,100,100.000000000000000,100,269.47859903255400,1.7909632453006E-08,--,--,--,--,--,--,--,--,--,--,--,--,--,--,--,--,--,--,--,0.00081148460573816400,3,1,--,--,--,--,--,,Protein,Sphere,1.5840000000000000,0,Rose,0,Globular Proteins,0.185,Sphere,0,,50,25,1000,PBS,1.333,0.90446945061218600,Aqueous,
Caution,C7 Rose_200,200,,17:12:58,2023-02-23,3546,31,31,View,5307331.2658087000,16050022.279360200,10,10,0,100,9.9614696502685500,24.993127681179600,26.516801118850700,44.999998807907100,25,0,C7,"466-WPR3, Z=9, Corner offsets=[-110,44],[-64,24],[-80,14],[-79,24]",3,7,2023-Feb-23 16:09:02,123.67251876343400,0.098406076464429500,1.95180423553059E-08,247.34503752686700,61.327774245298100,49.588845491704300,0.49588845491704300,264654.63510029500,1.0025175385417500,3.2237796686883900,--,326.33913804224400,807.54733065101000,77.534019790745600,97.173021687486200,487.97412005696200,4.2238071137297200,--,--,--,--,--,--,--,--,--,--,--,--,--,--,--,--,--,--,100.73467717282700,15.386379796345100,163763.41235641900,88.348501185560400,86.268539809739000,99.88734574393400,201.46935434565500,2.39624082506434E-08,--,--,--,--,--,--,--,--,--,--,--,--,--,--,--,--,--,--,--,0.00024431133845812500,5,2,--,--,--,--,--,,Protein,Sphere,1.5840000000000000,0,Rose,0,Globular Proteins,0.185,Sphere,0,,50,25,1000,PBS,1.333,0.90423596598129800,Aqueous,
Caution,C8 Rose_200,200,,17:14:53,2023-02-23,3661,32,32,View,4706213.7890502100,9883444.4094912300,10,10,0,100,9.9614696502685500,24.980503508878800,20.638099312782300,60.000002384185800,25,0,C8,"466-WPR3, Z=9, Corner offsets=[-110,44],[-64,24],[-80,14],[-79,24]",3,8,2023-Feb-23 16:09:02,119.3785628648170,0.17786363936250300,2.02133713704134E-08,238.7571257296330,68.14084496239970,57.079632496130700,0.57079632496130700,243652.5284656770,1.0091932889978600,34.837849135157300,--,2.20257969869023E-07,1010.1962574958600,67.614409165210300,86.42256977022750,419.34501955564000,4.0698929842699500,--,--,--,--,--,--,--,--,--,88.449813619271100,16.322768322341400,120798.10341635700,84.223513691640400,74.929339060332800,99.603501706621700,176.89962723854200,2.72814958688283E-08,--,459.84721296777600,9.6631786169289700,5716916.6697617800,15.776486308359600,25.070660939667200,0.39649829337828200,919.69442593555200,5.247489072032E-09,--,--,--,--,--,--,--,--,--,--,--,--,--,--,--,--,--,--,--,0.0006956964547349310,4,2,--,--,--,--,--,,Protein,Sphere,1.5840000000000000,0,Rose,0,Globular Proteins,0.185,Sphere,0,,50,25,1000,PBS,1.333,0.90449826633845100,Aqueous,
Caution,C9 Rose_200,200,,17:16:59,2023-02-23,3787,33,33,View,6096928.1601152300,13399842.829844600,10,10,0,100,9.9614696502685500,24.976847953865500,30.000001192092900,64.999997615814200,25,0,C9,"466-WPR3, Z=9, Corner offsets=[-110,44],[-64,24],[-80,14],[-79,24]",3,9,2023-Feb-23 16:09:02,112.19551329023600,0.14746003577770400,2.15054138529224E-08,224.39102658047300,64.040786665531500,57.079632498195800,0.57079632498195800,210722.6932548090,1.0067542358527200,35.290504246658900,--,1.09267657294947E-07,1074.7681914691400,66.809161070602400,87.593340715285700,237.54230787273200,1.949156698533540,--,--,--,--,--,--,--,--,--,87.780185010806200,17.783606064951000,118669.13289500800,77.802301492354600,71.400639694102700,96.974450114241400,175.56037002161200,2.74869658277726E-08,--,246.23243126211500,12.765994690527300,1325709.2330357700,22.197698507645400,28.599360305897300,3.025549885758640,492.46486252423000,9.7989161435E-09,--,--,--,--,--,--,--,--,--,--,--,--,--,--,--,--,--,--,--,0.00086541544669770900,4,2,--,--,--,--,--,,Protein,Sphere,1.5840000000000000,0,Rose,0,Globular Proteins,0.185,Sphere,0,,50,25,1000,PBS,1.333,0.90457424431905600,Aqueous,
Caution,C10 Rose_500,500,,17:18:59,2023-02-23,3907,34,34,View,3907409.5587510300,6132155.7416467500,10,10,0,100,9.9614696502685500,24.982153668106900,29.199999570846600,89.999997615814200,25,0,C10,"466-WPR3, Z=9, Corner offsets=[-110,44],[-64,24],[-80,14],[-79,24]",3,10,2023-Feb-23 16:09:02,115.20229334785500,0.1009736778165190,2.09470489817415E-08,230.40458669571000,65.757045674282000,57.079632499786700,0.57079632499786700,224174.08047608800,1.0083158039641000,68.621590990428600,--,1.2584671911312E-08,1046.8629948538100,81.296071000467300,105.51932135555100,126.29540952463500,0.42645591296537100,--,--,--,--,--,--,--,--,--,29.892539799004700,8.7994469019690100,9543.3430301586400,9.6181600488959200,1.3805011535211100,44.451053903445200,59.785079598009300,8.07274356007323E-08,--,113.59893276144700,12.165332718671200,216941.84560617700,90.381839951104100,98.619498846478900,55.548946096554800,227.19786552289500,2.12427002869295E-08,--,--,--,--,--,--,--,--,--,--,--,--,--,--,--,--,--,--,--,0.0016298159182511600,3,2,--,--,--,--,--,,Protein,Sphere,1.5840000000000000,0,Rose,0,Globular Proteins,0.185,Sphere,0,,50,25,1000,PBS,1.333,0.90446397257500400,Aqueous,
Caution,C11 Rose,500,,17:20:56,2023-02-23,4024,35,35,View,5893118.8937828600,6933080.8570415700,10,10,0,100,9.9614696502685500,24.988691573519400,0,85.000002384185800,25,0,C11,"466-WPR3, Z=9, Corner offsets=[-110,44],[-64,24],[-80,14],[-79,24]",3,11,2023-Feb-23 16:09:02,151.42060108411700,0.091750045453279300,1.59394661294417E-08,302.84120216823400,86.430322624772500,57.07963249779920,0.5707963249779920,424986.79930713300,1.0125893294390000,116.21826424382500,--,9.87926953754535E-08,796.60086069077000,34.180201785708500,117.16496150274300,153.37370504190000,1.0173135528525800,--,--,--,--,--,--,--,--,--,35.50734831513080,13.324690016698300,14276.221461673300,17.612489338823400,3.0414812097539000,56.703508806623700,71.01469663026150,6.79736352278238E-08,--,131.5353917011510,17.903652492402300,305713.47760069900,82.38751066117660,96.958518790246100,43.296491193376300,263.0707834023020,1.8349156915605E-08,--,--,--,--,--,--,--,--,--,--,--,--,--,--,--,--,--,--,--,0.0019762121563954700,3,2,--,--,--,--,--,,Protein,Sphere,1.5840000000000000,0,Rose,0,Globular Proteins,0.185,Sphere,0,,50,25,1000,PBS,1.333,0.90432812299789800,Aqueous,
Caution,C12 Rose,500,,17:22:53,2023-02-23,4141,36,36,View,4505780.5653717800,5300918.1635153500,10,10,0,100,9.9614696502685500,24.95404503463070,0,85.000002384185800,25,0,C12,"466-WPR3, Z=9, Corner offsets=[-110,44],[-64,24],[-80,14],[-79,24]",3,12,2023-Feb-23 16:09:02,134.69705682469800,0.095458033696134000,1.79021153011481E-08,269.39411364939700,76.884584102350900,57.079631815869900,0.5707963181586990,323184.6718067600,1.009166346044260,63.250444249500800,--,3.44912881137286E-05,894.68744383863400,46.043648298026200,134.4418089511820,192.56302206760600,1.0898348877675700,--,--,--,--,--,--,--,--,--,55.543771911366400,14.35524624359830,40670.217351494600,45.548470557116400,8.6168789572002900,79.363879889960200,111.0875438227330,4.3413728650783E-08,--,177.00135746589500,14.340742952162900,612342.35376570300,54.451529442883600,91.383121042799700,20.636120110039800,354.00271493179000,1.3623411009521E-08,--,--,--,--,--,--,--,--,--,--,--,--,--,--,--,--,--,--,--,0.0012236634588995100,3,2,--,--,--,--,--,,Protein,Sphere,1.5840000000000000,0,Rose,0,Globular Proteins,0.185,Sphere,0,,50,25,1000,PBS,1.333,0.90504843164772000,Aqueous,
Caution,D1 PBS Unfiltered,1,,17:25:12,2023-02-23,4280,37,37,View,699950.67480251100,699950.67480251100,10,10,0,100,9.9614696502685500,25.094163330487800,0,100,25,0,D1,"466-WPR3, Z=9, Corner offsets=[-110,44],[-64,24],[-80,14],[-79,24]",4,1,2023-Feb-23 16:09:02,276.81003430393500,0.0022646812945007300,8.74343418535681E-09,553.62006860787100,0.00074774533635099100,0.00027012941862142600,2.70129418621426E-06,1743394.6191263600,1.0003484286493200,0.43108218989488500,--,348.64954853413800,0.57302695183364200,207.6556744209000,290.59740128471900,413.91898135112200,0.70979061071551500,--,--,--,--,--,--,--,--,--,--,--,--,--,--,--,--,--,--,317.0586713621620,25.645892463128700,2395218.7142821000,100,100,100,634.11734272432300,7.63350930092763E-09,--,--,--,--,--,--,--,--,--,--,--,--,--,--,--,--,--,--,--,0.00032709568079365700,3,1,--,--,--,--,--,,Protein,Sphere,1.5840000000000000,0,PBS Unfiltered,0,Globular Proteins,0.185,Sphere,0,,50,25,1000,PBS,1.333,0.90214134889577200,Aqueous,
Caution,D2 PBS Unfiltered,1,,17:27:12,2023-02-23,4400,38,38,View,618183.43586495200,618183.43586495200,10,10,0,100,9.9614696502685500,25.095578940663200,0,100,25,0,D2,"466-WPR3, Z=9, Corner offsets=[-110,44],[-64,24],[-80,14],[-79,24]",4,2,2023-Feb-23 16:09:02,351.20173116644400,0.0010845371256703300,6.89165278773114E-09,702.40346233288800,167.6351473088900,47.731868163668900,0.47731868163668900,3042790.8551789000,1.0001396545398300,0.078480640362022400,--,136.23224420161400,272.26646110226700,128.35674772772400,212.14012506324400,359.27361833240500,1.0885110515318100,--,--,--,--,--,--,--,--,--,--,--,--,--,--,--,--,--,--,241.38718200290500,38.516749643279800,1265474.3697352700,100,100,100,482.7743640058090,1.00268803403989E-08,--,--,--,--,--,--,--,--,--,--,--,--,--,--,--,--,--,--,--,0.00012976225656582600,3,1,--,--,--,--,--,,Protein,Sphere,1.5840000000000000,0,PBS Unfiltered,0,Globular Proteins,0.185,Sphere,0,,50,25,1000,PBS,1.333,0.90211206001240000,Aqueous,
Caution,D3 PBS Unfiltered,1,,17:29:11,2023-02-23,4519,39,39,View,1236801.5813512000,1236801.5813512000,10,10,0,100,9.9614696502685500,24.999608617890200,0,100,25,0,D3,"466-WPR3, Z=9, Corner offsets=[-110,44],[-64,24],[-80,14],[-79,24]",4,3,2023-Feb-23 16:09:02,406.30411928740300,0.0049925222026033000,5.94199575747148E-09,812.60823857480500,2.88502362631892E-06,7.10065069332506E-07,7.10065069332506E-09,4279260.7920557000,1.0002058375095100,0.91712404039949800,--,236.94055382766700,0.019965880734481800,176.09768467798200,306.16172337098000,554.2850184343790,1.2352534784308800,--,--,--,--,--,--,--,--,--,--,--,--,--,--,--,--,--,--,356.30052015488200,43.370521459803900,3147159.8493337500,100,100,100.000000000000000,712.60104030976300,6.77590184824729E-09,--,--,--,--,--,--,--,--,--,--,--,--,--,--,--,--,--,--,--,0.0005536341821905890,2,1,--,--,--,--,--,,Protein,Sphere,1.5840000000000000,0,PBS Unfiltered,0,Globular Proteins,0.185,Sphere,0,,50,25,1000,PBS,1.333,0.9041013578570440,Aqueous,
Caution,D4 PBS 0.02 um filtered,1,,17:31:06,2023-02-23,4634,40,40,View,1064593.9586582500,1064593.9586582500,10,10,0,100,9.9614696502685500,24.947561715337000,0,100,25,0,D4,"466-WPR3, Z=9, Corner offsets=[-110,44],[-64,24],[-80,14],[-79,24]",4,4,2023-Feb-23 16:09:02,390.80378467538000,0.0053373659235991700,6.16920949230941E-09,781.60756935075900,0.00013948623194939300,3.56921394876606E-05,3.56921394876606E-07,3907003.1932961700,1.000244681021960,2.3665441530932600,--,246.00083430700800,0.14696802932547800,190.31668681688500,333.68257718907600,599.66284532569900,1.226753167507650,--,--,--,--,--,--,--,--,--,--,--,--,--,--,--,--,--,--,386.56062226561800,43.186666409830500,3808469.0032387200,100,100.00000000000000,100,773.12124453123500,6.2369270928821E-09,--,--,--,--,--,--,--,--,--,--,--,--,--,--,--,--,--,--,--,0.00084490965675983600,2,1,--,--,--,--,--,,Protein,Sphere,1.5840000000000000,0,PBS 0.02 um filtered,0,Globular Proteins,0.185,Sphere,0,,50,25,1000,PBS,1.333,0.9051833298108630,Aqueous,
Caution,D5 PBS 0.02 um filtered,1,,17:33:00,2023-02-23,4748,41,41,View,1095477.1745193700,1095477.1745193700,10,10,0,100,9.9614696502685500,24.984579446309500,0,100,25,0,D5,"466-WPR3, Z=9, Corner offsets=[-110,44],[-64,24],[-80,14],[-79,24]",4,5,2023-Feb-23 16:09:02,351.26159912228000,0.0056930333616444900,6.87038444700505E-09,702.52319824456000,200.49882989260400,57.079632499995200,0.57079632499995200,3044004.6302486200,1.0022676342761300,3.8389601659370600,--,9.20604263320163E-11,343.35868714950800,120.68058596430600,159.09807808062100,209.58522080360000,0.55880395232834100,--,--,--,--,--,--,--,--,--,--,--,--,--,--,--,--,--,--,170.83561314942500,20.389644678163700,563593.04210237000,100,100,100,341.67122629885100,1.41264586636803E-08,--,--,--,--,--,--,--,--,--,--,--,--,--,--,--,--,--,--,--,0.00050656392892734900,2,1,--,--,--,--,--,,Protein,Sphere,1.5840000000000000,0,PBS 0.02 um filtered,0,Globular Proteins,0.185,Sphere,0,,50,25,1000,PBS,1.333,0.90441356384937400,Aqueous,
Caution,D6 PBS 0.02 um filtered,1,,17:34:55,2023-02-23,4863,42,42,View,1181786.4552899200,1181786.4552899200,10,10,0,100,9.9614696502685500,25.049394169732700,0,100,25,0,D6,"466-WPR3, Z=9, Corner offsets=[-110,44],[-64,24],[-80,14],[-79,24]",4,6,2023-Feb-23 16:09:02,117.15520433001700,0.0036340138624828100,2.06343586503921E-08,234.31040866003300,66.871760049552000,57.07963246872040,0.57079632468720400,233166.96290634600,1.0002339970775900,0.46921767275906900,--,1.81768215794141E-06,1031.235783868340,68.279719964207500,130.69258512320900,260.43904950906900,1.4703154686526800,--,--,--,--,--,--,--,--,--,--,--,--,--,--,--,--,--,--,156.93578355439600,50.463163319980000,462092.52836620300,100,100,100.00000000000000,313.87156710879100,1.54038960978433E-08,--,--,--,--,--,--,--,--,--,--,--,--,--,--,--,--,--,--,--,0.00033605099172210700,2,1,--,--,--,--,--,,Protein,Sphere,1.5840000000000000,0,PBS 0.02 um filtered,0,Globular Proteins,0.185,Sphere,0,,50,25,1000,PBS,1.333,0.9030684573090090,Aqueous,