Data Quality,Item,Series,Time Stamp,Date,Time (s),Measurement,Measurement ID,Image,Intensity (Cnt/s),Normalized Intensity (Cnt/s),Number Acqs,Number Unmarked Acqs,Number Marked Acqs,% Acqs Unmarked,Acq Time (s),DLS Temp (C),Attenuation Level (%),Laser Power (%),Set Temp (C),Ramp Rate (C/min),Well,Insert Info,Row,Col,Configuration,Radius (nm),Amplitude,Diffusion Coefficient (cm²/s),Diameter (nm),Polydispersity (nm),%PD,PD Index,Mw-R (kDa),Baseline,SOS,Viscosity from Sample Rh (cP),Lambda (1/s),Sigma (1/s²),D10 (nm),D50 (nm),D90 (nm),Span (D90 - D10)/D50,Range1 Radius (I) (nm),Range1 %Pd (I),Range1 Mw-R (I) (kDa),Range1 %Intensity (I),Range1 %Mass (I),Range1 %Number (I),Range1 Diameter (I) (nm),Range1 Diffusion Coefficient (I) (cm²/s),Range1 Particle Concentration (I) (1/mL),Range2 Radius (I) (nm),Range2 %Pd (I),Range2 Mw-R (I) (kDa),Range2 %Intensity (I),Range2 %Mass (I),Range2 %Number (I),Range2 Diameter (I) (nm),Range2 Diffusion Coefficient (I) (cm²/s),Range2 Particle Concentration (I) (1/mL),Range3 Radius (I) (nm),Range3 %Pd (I),Range3 Mw-R (I) (kDa),Range3 %Intensity (I),Range3 %Mass (I),Range3 %Number (I),Range3 Diameter (I) (nm),Range3 Diffusion Coefficient (I) (cm²/s),Range3 Particle Concentration (I) (1/mL),Range4 Radius (I) (nm),Range4 %Pd (I),Range4 Mw-R (I) (kDa),Range4 %Intensity (I),Range4 %Mass (I),Range4 %Number (I),Range4 Diameter (I) (nm),Range4 Diffusion Coefficient (I) (cm²/s),Range4 Particle Concentration (I) (1/mL),Range5 Radius (I) (nm),Range5 %Pd (I),Range5 Mw-R (I) (kDa),Range5 %Intensity (I),Range5 %Mass (I),Range5 %Number (I),Range5 Diameter (I) (nm),Range5 Diffusion Coefficient (I) (cm²/s),Range5 Particle Concentration (I) (1/mL),RMS Error,Number Unfiltered Peaks (I),Number Filtered Peaks (I),Pre-correction Internal Standard Rh (I) (nm),Internal Standard Viscosity (I) (cP),Mw-S (Da),1/Mw-S (1/Da),Particle Concentration (1/mL),Particle Concentration Calculation,Particle Material,Particle Shape,Particle Core Real RI,Particle Core Imaginary RI,Sample,Concentration (mg/mL),Mw-R Model,dn/dc (mL/g),Conformation Model for SLS,A2 (mol mL/g^2),Viscosity Calculation: Use Internal Standard,Internal Standard Rh (nm),Internal Standard Rh Range Minimum (nm),Internal Standard Rh Range Maximum (nm),Solvent,Rfr Idx @ 589nm & 20C,Viscosity (cP),Temp Model,
Caution,A1 20 um beads ,,16:13:52,2023-02-23,0,1,1,View,5355204.5241324678,34009071.234528407,10,10,0,100,9.9614696502685547,25.118264606306713,47.512000799179077,30.000001192092896,25,0,A1,"466-WPR3, Z=9, Corner offsets=[-110,44],[-64,24],[-80,14],[-79,24]",1,1,2023-Feb-23 16:09:02,11.559140716765755,0.13447276469862551,2.0951419344541706e-07,23.118281433531511,1.8345182940137832,15.87071512463671,0.15870715124636711,1033.2653384065329,1.0000757620563967,0.037936508496898481,--,8281.3823495548004,3418.8098844969386,7.9872906407081921,11.281406820625458,16.404639536779772,0.74612581834052771,--,--,--,--,--,--,--,--,--,11.888534216395625,23.58277669674224,1103.4785154857047,93.961175512819992,97.939218350565099,99.99997649642485,23.77706843279125,2.0370922101189877e-07,--,420.99252172502139,10.415141271486963,4650031.071375357,6.038824487180011,2.0607816494348996,2.3503575144122017e-05,841.98504345004278,5.7526058521702212e-09,--,--,--,--,--,--,--,--,--,--,--,--,--,--,--,--,--,--,--,6.3073507045258316e-05,5,2,--,--,--,--,--,,Protein,Sphere,1.5840000000000001,0,20 um beads,0,Globular Proteins,0.185,Sphere,0,,50,25,1000,PBS,1.333,0.90164291621846737,Aqueous,
Caution,A2 20 um beads ,,16:15:47,2023-02-23,115,2,2,View,5120247.2891973155,22688649.437558834,10,10,0,100,9.9614696502685547,25.028007925092467,35.521599650382996,34.999999403953552,25,0,A2,"466-WPR3, Z=9, Corner offsets=[-110,44],[-64,24],[-80,14],[-79,24]",1,2,2023-Feb-23 16:09:02,11.490317581670874,0.21197295012072767,2.1026943897104634e-07,22.980635163341748,1.6056752099838045,13.97415866507594,0.13974158665075939,1018.9281171102945,1.0002310001102392,0.096816031102555752,--,8342.8213881774227,3189.752842363132,9.1739355594946588,10.994010697082821,13.354959130074095,0.38030011847167289,2.5590729708927031,4.724856151579818,30.339644531476591,1.0978670686946186,48.17111253187133,98.646470180177957,5.1181459417854063,9.4411634954444822e-07,--,11.616473874549273,12.822900106551009,1045.2966327545275,95.917445618646155,50.805737673462801,1.353529754444144,23.232947749098546,2.0798588776500215e-07,--,807.98318164423995,8.181679847925496,21375614.467515916,2.9846873126592262,1.0231497946658703,6.5377901663300823e-08,1615.9663632884799,2.990238765342138e-09,--,--,--,--,--,--,--,--,--,--,--,--,--,--,--,--,--,--,--,8.8623880625935368e-05,6,3,--,--,--,--,--,,Protein,Sphere,1.5840000000000001,0,20 um beads,0,Globular Proteins,0.185,Sphere,0,,50,25,1000,PBS,1.333,0.90351191096280059,Aqueous,
Caution,A3 20 um beads ,,16:17:50,2023-02-23,238,3,3,View,5390641.6890713219,27552081.503500778,10,10,0,100,9.9614696502685547,24.972582739616058,56.521600484848022,44.999998807907104,25,0,A3,"466-WPR3, Z=9, Corner offsets=[-110,44],[-64,24],[-80,14],[-79,24]",1,3,2023-Feb-23 16:09:02,11.329136904584312,0.2056253731639319,2.1295002090618579e-07,22.658273809168623,1.3999898238623989,12.357427010136103,0.12357427010136103,985.79903444846616,1.0000306940510406,0.041362886409865962,--,8467.9164611531396,3018.3973553778469,7.829136523637751,10.773403081420332,21.900813186011614,1.3061496498392129,--,--,--,--,--,--,--,--,--,11.577262758083826,27.667341034470823,1037.059607438604,88.804637315517908,99.094589733950855,99.958954664732033,23.154525516167652,2.0838604004178052e-07,--,--,--,--,--,--,--,--,--,--,--,--,--,--,--,--,--,--,--,--,--,--,--,--,--,--,--,--,9.4257840665850764e-05,3,2,--,--,--,--,--,,Protein,Sphere,1.5840000000000001,0,20 um beads,0,Globular Proteins,0.185,Sphere,0,,50,25,1000,PBS,1.333,0.90466290736439448,Aqueous,
Caution,A4 40um beads ,,16:19:46,2023-02-23,354,4,4,View,6646877.586387448,169299307.3100349,10,10,0,100,9.9614696502685547,24.995918829566282,60.738897323608398,10.000000149011612,25,0,A4,"466-WPR3, Z=9, Corner offsets=[-110,44],[-64,24],[-80,14],[-79,24]",1,4,2023-Feb-23 16:09:02,19.260375768575813,0.22575376620991586,1.253362278603525e-07,38.520751537151625,1.0952515051640161,5.686553151008451,0.056865531510084513,3412.2218002576005,0.9999915437723752,0.069779059254380452,--,4997.7829571002612,1191.9650801696664,15.289429744947405,19.19299261644893,24.007550713329181,0.45423458147480883,--,--,--,--,--,--,--,--,--,20.433070979724256,16.636730880397355,3918.2966852632107,100,100,100,40.866141959448512,1.1814292860831665e-07,--,--,--,--,--,--,--,--,--,--,--,--,--,--,--,--,--,--,--,--,--,--,--,--,--,--,--,--,0.00010354696447119527,2,1,--,--,--,--,--,,Protein,Sphere,1.5840000000000001,0,40um beads,0,Globular Proteins,0.185,Sphere,0,,50,25,1000,PBS,1.333,0.90417799004194654,Aqueous,
Caution,A5 40um beads ,,16:21:40,2023-02-23,468,5,5,View,5993353.6275026258,165283281.75697315,10,10,0,100,9.9614696502685547,25.020588223176855,63.738900423049927,10.000000149011612,25,0,A5,"466-WPR3, Z=9, Corner offsets=[-110,44],[-64,24],[-80,14],[-79,24]",1,5,2023-Feb-23 16:09:02,19.495587428524409,0.20609660593279946,1.2390449525042295e-07,38.991174857048819,0.79058949483352614,4.0552227406946342,0.040552227406946341,3510.5217816020918,0.99998196667445172,0.040753299773278184,--,4940.7624143258518,994.95487069595458,15.14459302526009,19.086065162975903,24.026389243353588,0.46535501908077143,--,--,--,--,--,--,--,--,--,20.359374639042297,16.969148744320115,3885.3100379336565,100,100,100,40.718749278084594,1.1864759909223995e-07,--,--,--,--,--,--,--,--,--,--,--,--,--,--,--,--,--,--,--,--,--,--,--,--,--,--,--,--,9.4165335160670624e-05,2,1,--,--,--,--,--,,Protein,Sphere,1.5840000000000001,0,40um beads,0,Globular Proteins,0.185,Sphere,0,,50,25,1000,PBS,1.333,0.90366584866893929,Aqueous,
Caution,A6 40um beads ,,16:23:35,2023-02-23,583,6,6,View,6219390.7429727744,186986906.45912489,10,10,0,100,9.9614696502685547,25.018117959128226,66.738897562026978,10.000000149011612,25,0,A6,"466-WPR3, Z=9, Corner offsets=[-110,44],[-64,24],[-80,14],[-79,24]",1,6,2023-Feb-23 16:09:02,19.348075546920754,0.19458898084654139,1.2484104038411092e-07,38.696151093841507,1.0482710994937934,5.4179605457485698,0.054179605457485701,3448.6865406550178,0.99999075313697783,0.034591464909522369,--,4978.0639784540554,1158.8279697627077,14.34550122654738,19.173432211679906,25.277517190323596,0.5701647906897308,--,--,--,--,--,--,--,--,--,20.546041865991757,20.791831088676506,3969.172982914597,100.00000000000001,100,100,41.092083731983514,1.1756200520091609e-07,--,--,--,--,--,--,--,--,--,--,--,--,--,--,--,--,--,--,--,--,--,--,--,--,--,--,--,--,0.00010091034351783247,2,1,--,--,--,--,--,,Protein,Sphere,1.5840000000000001,0,40um beads,0,Globular Proteins,0.185,Sphere,0,,50,25,1000,PBS,1.333,0.90371710954283624,Aqueous,
Caution,A7 100 um beads ,,16:25:30,2023-02-23,698,7,7,View,5533542.0928831864,15810120.534625281,10,10,0,100,9.9614696502685547,25.008937642829629,0,34.999999403953552,25,0,A7,"466-WPR3, Z=9, Corner offsets=[-110,44],[-64,24],[-80,14],[-79,24]",1,7,2023-Feb-23 16:09:02,53.605250518178778,0.13355257859874919,4.5048764584763793e-08,107.21050103635756,10.912972567025687,20.358029225746918,0.20358029225746918,37426.392520240166,1.0050729973832004,17.104363534635603,--,1753.3456150028551,856.83603470814046,38.485384415504967,40.997336164961602,42.944301255046405,0.10876113564061886,--,--,--,--,--,--,--,--,--,42.913737477409384,3.2506255350197084,22239.630835886084,100,100,100,85.827474954818769,5.6272197507195615e-08,--,--,--,--,--,--,--,--,--,--,--,--,--,--,--,--,--,--,--,--,--,--,--,--,--,--,--,--,0.00089248694502478472,2,1,--,--,--,--,--,,Protein,Sphere,1.5840000000000001,0,100 um beads,0,Globular Proteins,0.185,Sphere,0,,50,25,1000,PBS,1.333,0.90390765531906569,Aqueous,
Caution,A8 100 um beads ,,16:27:25,2023-02-23,813,8,8,View,5464954.0481880167,15614154.689301804,10,10,0,100,9.9614696502685547,24.965353227306494,0,34.999999403953552,25,0,A8,"466-WPR3, Z=9, Corner offsets=[-110,44],[-64,24],[-80,14],[-79,24]",1,8,2023-Feb-23 16:09:02,52.869888679467991,0.13529359897984841,4.5622956281555681e-08,105.73977735893598,14.307467123290577,27.061655472800112,0.27061655472800111,36236.117753883402,1.0033282988217487,7.8243341604394372,--,1695.1147065672026,1058.9907897280236,39.743948067800936,42.291061614539423,46.680439733058748,0.16401791301623617,--,--,--,--,--,--,--,--,--,44.940125740594176,4.9561390450674647,24774.925275364996,100,100,100,89.880251481188353,5.3673205850762985e-08,--,--,--,--,--,--,--,--,--,--,--,--,--,--,--,--,--,--,--,--,--,--,--,--,--,--,--,--,0.00045133486585099611,2,1,--,--,--,--,--,,Protein,Sphere,1.5840000000000001,0,100 um beads,0,Globular Proteins,0.185,Sphere,0,,50,25,1000,PBS,1.333,0.90481322452703106,Aqueous,
Caution,A9 100 um beads ,,16:29:26,2023-02-23,934,9,9,View,5761768.7146848235,16462196.608020462,10,10,0,100,9.9614696502685547,24.957551676304131,0,34.999999403953552,25,0,A9,"466-WPR3, Z=9, Corner offsets=[-110,44],[-64,24],[-80,14],[-79,24]",1,9,2023-Feb-23 16:09:02,52.839447310289309,0.13571605099716019,4.5639860400710203e-08,105.67889462057862,8.7893743810971028,16.634114905637112,0.16634114905637112,36187.319009221443,1.0045064301805207,9.7732311148334006,--,1800.4902883068512,765.69641072023194,39.300766627078218,41.110344100383671,42.919921573689123,0.088035141174532969,--,--,--,--,--,--,--,--,--,43.135453759254077,2.2667637885081384,22509.410347753528,100,100,100,86.270907518508153,5.5907259312762329e-08,--,--,--,--,--,--,--,--,--,--,--,--,--,--,--,--,--,--,--,--,--,--,--,--,--,--,--,--,0.00069364121690013961,2,1,--,--,--,--,--,,Protein,Sphere,1.5840000000000001,0,100 um beads,0,Globular Proteins,0.185,Sphere,0,,50,25,1000,PBS,1.333,0.90497548337354172,Aqueous,
Caution,A10 200 um beads ,,16:31:55,2023-02-23,1083,10,10,View,5433771.8013915643,543377042.49102318,10,10,0,100,9.9614696502685547,24.980270220349389,94.999998807907104,20.000000298023224,25,0,A10,"466-WPR3, Z=9, Corner offsets=[-110,44],[-64,24],[-80,14],[-79,24]",1,10,2023-Feb-23 16:09:02,100.55253558638417,0.21352086965981176,2.39976882432759e-08,201.10507117276833,6.3460764525403253,6.3112048000902412,0.063112048000902407,163071.42290528509,1.0025716022652962,3.6753023437932999,--,956.88688564326981,240.46854037437919,79.228935376662548,84.645076144878828,88.688705563115121,0.11175806812745015,--,--,--,--,--,--,--,--,--,88.587980165856123,3.3081052376218056,121240.07987774603,100,100,100,177.17596033171225,2.7238778856400545e-08,--,--,--,--,--,--,--,--,--,--,--,--,--,--,--,--,--,--,--,--,--,--,--,--,--,--,--,--,0.00087179367223959021,2,1,--,--,--,--,--,,Protein,Sphere,1.5840000000000001,0,200 um beads,0,Globular Proteins,0.185,Sphere,0,,50,25,1000,PBS,1.333,0.90450311474128986,Aqueous,
Caution,A11 200 um beads ,,16:33:46,2023-02-23,1194,11,11,View,5872264.3061159551,469781032.48475015,10,10,0,100,9.9614696502685547,24.990755590186353,94.999998807907104,25,25,0,A11,"466-WPR3, Z=9, Corner offsets=[-110,44],[-64,24],[-80,14],[-79,24]",1,11,2023-Feb-23 16:09:02,98.449635080582127,0.22476883207333842,2.451705085438509e-08,196.89927016116425,8.0529058889127167,8.1797214203194599,0.081797214203194593,155203.32944982708,1.0015278215011911,1.4024169366458776,--,977.37863433998655,280.04687746235408,81.797635628388988,85.450388404730205,89.103141181071422,0.085494117570073316,--,--,--,--,--,--,--,--,--,90.037882852563641,1.9159576659518169,125933.97582855167,99.999999999999986,100,99.999999999999986,180.07576570512728,2.6807546261596281e-08,--,--,--,--,--,--,--,--,--,--,--,--,--,--,--,--,--,--,--,--,--,--,--,--,--,--,--,--,0.00048960252956975947,2,1,--,--,--,--,--,,Protein,Sphere,1.5840000000000001,0,200 um beads,0,Globular Proteins,0.185,Sphere,0,,50,25,1000,PBS,1.333,0.90428524251152465,Aqueous,
Caution,A12 200 um beads ,,16:35:44,2023-02-23,1312,12,12,View,6460069.171068484,430671158.2778883,10,10,0,100,9.9614696502685547,24.976451502310105,94.999998807907104,30.000001192092896,25,0,A12,"466-WPR3, Z=9, Corner offsets=[-110,44],[-64,24],[-80,14],[-79,24]",1,12,2023-Feb-23 16:09:02,98.710517731784378,0.24197947850362028,2.4443046300452215e-08,197.42103546356876,9.185121842069675,9.305109580143661,0.093051095801436612,156167.33904085917,1.0033171503641003,4.3064057164535621,--,974.10592748015233,298.26004943009775,75.387040168540409,83.204904481368175,88.393455323456308,0.1563178905857453,--,--,--,--,--,--,--,--,--,86.873826055560073,4.7400063471455169,115821.9893510106,100,100,100,173.74765211112015,2.7773448745270181e-08,--,--,--,--,--,--,--,--,--,--,--,--,--,--,--,--,--,--,--,--,--,--,--,--,--,--,--,--,0.00083937741965567456,2,1,--,--,--,--,--,,Protein,Sphere,1.5840000000000001,0,200 um beads,0,Globular Proteins,0.185,Sphere,0,,50,25,1000,PBS,1.333,0.90458248492239635,Aqueous,
Caution,B1 Rose_Neat ,,16:37:46,2023-02-23,1434,13,13,View,5602655.2571199089,933776752.79121315,10,10,0,100,9.9614696502685547,25.104710325456566,97.000002861022949,20.000000298023224,25,0,B1,"466-WPR3, Z=9, Corner offsets=[-110,44],[-64,24],[-80,14],[-79,24]",2,1,2023-Feb-23 16:09:02,64.517590270325854,0.27405515606348524,3.7523742439244131e-08,129.03518054065171,4.9675733390557921,7.6995642866416407,0.076995642866416414,57738.243135537043,0.99985718691993275,0.58985912231584292,--,1496.0261022417044,415.64876883346238,54.705102347860766,64.34323171574114,75.629572433692971,0.32520079467368707,--,--,--,--,--,--,--,--,--,68.058546019631265,11.525715172166432,65427.0774041806,100,100,100,136.11709203926253,3.5571454015577671e-08,--,--,--,--,--,--,--,--,--,--,--,--,--,--,--,--,--,--,--,--,--,--,--,--,--,--,--,--,0.0003117972049265113,2,1,--,--,--,--,--,,Protein,Sphere,1.5840000000000001,0,Rose_Neat,0,Globular Proteins,0.185,Sphere,0,,50,25,1000,PBS,1.333,0.90192317121549115,Aqueous,
Caution,B2 Rose_Neat ,,16:39:42,2023-02-23,1550,14,14,View,5592572.7632803079,1242795083.2331829,10,10,0,100,9.9614696502685547,25.008247228170379,97.000002861022949,15.000000596046448,25,0,B2,"466-WPR3, Z=9, Corner offsets=[-110,44],[-64,24],[-80,14],[-79,24]",2,2,2023-Feb-23 16:09:02,64.624048579263643,0.25237739771579043,3.7366993848509948e-08,129.24809715852729,3.7720835005464077,5.8369656242131223,0.058369656242131224,57961.406865402765,0.99992185995062877,0.35023936098868119,--,1490.0032805099454,360.04541826587314,53.805566355356497,63.804114133621219,76.016593611222419,0.34811277544502334,--,--,--,--,--,--,--,--,--,67.62025731896631,12.525175884508894,64445.470492206689,100,100,100,135.24051463793262,3.5711287141905643e-08,--,--,--,--,--,--,--,--,--,--,--,--,--,--,--,--,--,--,--,--,--,--,--,--,--,--,--,--,0.00024552392278053594,2,1,--,--,--,--,--,,Protein,Sphere,1.5840000000000001,0,Rose_Neat,0,Globular Proteins,0.185,Sphere,0,,50,25,1000,PBS,1.333,0.90392198826972914,Aqueous,
Caution,B3 Rose_Neat ,,16:41:37,2023-02-23,1665,15,15,View,5066170.4357549967,1266543797.9360845,10,10,0,100,9.9614696502685547,24.984258782677447,98.000001907348633,20.000000298023224,25,0,B3,"466-WPR3, Z=9, Corner offsets=[-110,44],[-64,24],[-80,14],[-79,24]",2,3,2023-Feb-23 16:09:02,64.585840315377268,0.21640921891302128,3.7365494338378958e-08,129.17168063075454,4.6418110543086666,7.187041357118483,0.07187041357118483,57881.255898983261,0.99992252157724992,0.16244649543488565,--,1489.8173610436204,399.72751481460392,54.513268858309985,64.129765486137188,75.386704465575676,0.32548747760161173,--,--,--,--,--,--,--,--,--,67.831184532088926,11.53877784799996,64916.80996418187,99.999999999999986,100,100,135.66236906417785,3.5577763639112395e-08,--,--,--,--,--,--,--,--,--,--,--,--,--,--,--,--,--,--,--,--,--,--,--,--,--,--,--,--,0.00019485542987950774,2,1,--,--,--,--,--,,Protein,Sphere,1.5840000000000001,0,Rose_Neat,0,Globular Proteins,0.185,Sphere,0,,50,25,1000,PBS,1.333,0.90442022710429315,Aqueous,
Caution,B4 Rose_5 ,,16:43:34,2023-02-23,1782,16,16,View,4840466.7644438688,387237248.83095485,10,10,0,100,9.9614696502685547,24.998085323251239,94.999998807907104,25,25,0,B4,"466-WPR3, Z=9, Corner offsets=[-110,44],[-64,24],[-80,14],[-79,24]",2,4,2023-Feb-23 16:09:02,274.62498550769845,0.25190877858128441,8.7907534462298157e-09,549.24997101539691,156.75493245556632,57.079632490748757,0.57079632490748755,1711364.8960130129,1.0015238591715669,9.1386326168126502,--,2.2903100261953476e-07,439.3322651619593,152.20007965653593,326.51624696608167,564.45340830383168,1.2625813645656672,--,--,--,--,--,--,--,--,--,59.381005341001561,20.487606118198403,47550.948659116213,9.2863394377275412,0.45224437456532002,60.537271682499529,118.76201068200312,4.0655433903637153e-08,--,366.80269613766319,33.548752623897109,3368510.1933288598,85.13535634367031,55.837859689896931,39.456938871429202,733.60539227532638,6.5816324776047038e-09,--,--,--,--,--,--,--,--,--,--,5574.6885522549064,14.065763760863566,1961487923.8159003,5.5783042186021481,43.709895935537759,0.0057894460712602947,11149.377104509813,4.3305747310244077e-10,--,0.00050676805667047235,7,3,--,--,--,--,--,,Protein,Sphere,1.5840000000000001,0,Rose_5,0,Globular Proteins,0.185,Sphere,0,,50,25,1000,PBS,1.333,0.90413299339659436,Aqueous,
Caution,B5 Rose_5 ,,16:45:37,2023-02-23,1905,17,17,View,5339878.3333327975,355991789.86795026,10,10,0,100,9.9614696502685547,25.007017739326127,94.999998807907104,30.000001192092896,25,0,B5,"466-WPR3, Z=9, Corner offsets=[-110,44],[-64,24],[-80,14],[-79,24]",2,5,2023-Feb-23 16:09:02,271.27246201893934,0.22321642229563113,8.9014869318684279e-09,542.54492403787867,154.84132420709236,57.079632431058137,0.57079632431058136,1662881.62851881,1.0013294358033347,6.8662539794083024,--,1.7282714407978447e-06,444.86635133349137,115.88573879313043,313.64019867561899,736.40869549886474,1.9784548005197109,--,--,--,--,--,--,--,--,--,23.007515894579971,34.27754665932887,5172.2731648224271,1.5767981212568638,1.0315844640447711,97.700720778129408,46.015031789159941,1.049538892726014e-07,--,416.39495052908001,77.951289044392823,4532079.4995587282,98.423201878743129,98.968415535955231,2.2992792218705853,832.78990105816001,5.7991295825493547e-09,--,--,--,--,--,--,--,--,--,--,--,--,--,--,--,--,--,--,--,0.0005013914409012064,5,2,--,--,--,--,--,,Protein,Sphere,1.5840000000000001,0,Rose_5,0,Globular Proteins,0.185,Sphere,0,,50,25,1000,PBS,1.333,0.9039475133148559,Aqueous,
Caution,B6 Rose_5 ,,16:47:32,2023-02-23,2020,18,18,View,4576608.528630645,457660736.92856383,10,10,0,100,9.9614696502685547,25.025313629389352,94.999998807907104,20.000000298023224,25,0,B6,"466-WPR3, Z=9, Corner offsets=[-110,44],[-64,24],[-80,14],[-79,24]",2,6,2023-Feb-23 16:09:02,286.08141060655572,0.21956648804403123,8.4447686772429838e-09,572.16282121311144,163.29421755317708,57.079632404970766,0.5707963240497077,1883098.8303885867,1.0007967121165999,5.3316411642400885,--,2.2600148613916701e-06,422.04111015829045,82.054739641702966,353.06676814888561,497.23716271510602,1.1759317515216379,--,--,--,--,--,--,--,--,--,77.552936995392912,12.617709047208558,88809.748810529942,12.499914062328768,0.89219447801176177,58.332102988262115,155.10587399078582,3.1151513134508984e-08,--,388.72766358798344,20.347343705028532,3858611.6992665045,82.820415146659343,59.385375401655764,41.660795420434958,777.45532717596689,6.2148685615345324e-09,--,--,--,--,--,--,--,--,--,--,5757.4202138873798,8.3010161517521439,2115241526.0459385,4.6796707910118895,39.72243012033249,0.0071015913029331829,11514.84042777476,4.1961351537349971e-10,--,0.00041926029826029474,7,3,--,--,--,--,--,,Protein,Sphere,1.5840000000000001,0,Rose_5,0,Globular Proteins,0.185,Sphere,0,,50,25,1000,PBS,1.333,0.9035678047631871,Aqueous,
Caution,B7 Rose_10 ,,16:49:27,2023-02-23,2135,19,19,View,6431650.5466843517,238209339.45555907,10,10,0,100,9.9614696502685547,24.975384709453188,91.00000262260437,30.000001192092896,25,0,B7,"466-WPR3, Z=9, Corner offsets=[-110,44],[-64,24],[-80,14],[-79,24]",2,7,2023-Feb-23 16:09:02,263.13763401776828,0.20423673082412619,9.1690342240464699e-09,526.27526803553656,150.19799429985611,57.079632436656333,0.57079632436656336,1548541.1835378725,1.0016419695528562,3.8792423336443957,--,1.6356621266035733e-06,458.23746440453471,151.88244491748932,262.48171831337618,1207.7841412935556,4.0227628162485143,--,--,--,--,--,--,--,--,--,31.571531430010655,13.107821609652945,10845.026459614726,3.2543873143683029,0.53658954008325843,82.843879098394964,63.14306286002131,7.6420682262188174e-08,--,280.33117856842824,35.588997772834851,1795726.5585709091,84.678697633420811,64.790912477285573,17.115126403888546,560.66235713685649,8.6066700973634011e-09,--,1535.1905786121176,16.64397487820651,95975680.194881171,12.066915052210868,34.672497982631164,0.040994497716481719,3070.3811572242353,1.5716081153420955e-09,--,--,--,--,--,--,--,--,--,--,0.00037215537033653443,6,3,--,--,--,--,--,,Protein,Sphere,1.5840000000000001,0,Rose_10,0,Globular Proteins,0.185,Sphere,0,,50,25,1000,PBS,1.333,0.90460465981012295,Aqueous,
Caution,B8 Rose_10 ,,16:51:23,2023-02-23,2251,20,20,View,4177149.6912051663,174047933.19340152,10,10,0,100,9.9614696502685547,24.967255495310468,92.000001668930054,30.000001192092896,25,0,B8,"466-WPR3, Z=9, Corner offsets=[-110,44],[-64,24],[-80,14],[-79,24]",2,8,2023-Feb-23 16:09:02,248.16938170226953,0.20117664946501485,9.7199801944003237e-09,496.33876340453907,141.65417103454661,57.079632492492593,0.57079632492492594,1350238.5173794741,1.0026532097136582,5.4775508504285257,--,2.0550480944855901e-07,485.77189002585885,111.29082011084607,253.87969194743644,643.41226341355969,2.0959590710898004,--,--,--,--,--,--,--,--,--,14.147133650559015,15.995891263037413,1657.7258573430186,1.155665627376683,1.4696999950290717,98.423324145376469,28.29426730111803,1.7050814211452062e-07,--,299.3383470746798,57.779818835731199,2093646.4177731939,92.599530327273811,67.076634422850717,1.5765246001953552,598.67669414935961,8.0584445614007164e-09,--,3155.9761753752355,21.103352195569798,518145494.54947615,6.2448040453495137,31.453665582120202,0.0001512544281524711,6311.9523507504709,7.6432816376246261e-10,--,--,--,--,--,--,--,--,--,--,0.00036915379663694336,5,3,--,--,--,--,--,,Protein,Sphere,1.5840000000000001,0,Rose_10,0,Globular Proteins,0.185,Sphere,0,,50,25,1000,PBS,1.333,0.90477366814298177,Aqueous,
Caution,B9 Rose_10 ,,16:53:26,2023-02-23,2374,21,21,View,5128602.8500387836,236341238.25436172,10,10,0,100,9.9614696502685547,24.971949046616363,93.800002336502075,34.999999403953552,25,0,B9,"466-WPR3, Z=9, Corner offsets=[-110,44],[-64,24],[-80,14],[-79,24]",2,9,2023-Feb-23 16:09:02,272.51261463662843,0.18472798826466108,8.8528000114537523e-09,545.02522927325685,155.54919876384713,57.079632431422773,0.57079632431422778,1680723.408841294,1.002755140575047,11.709348672816336,--,1.7097285213744215e-06,442.43314295252446,119.83574490575674,268.40366625005208,1287.2748335147103,4.3495646125837037,--,--,--,--,--,--,--,--,--,33.970288372090266,24.120753778933242,12871.958892278739,3.2287184197273575,0.46899737840713984,70.804860666266677,67.940576744180532,7.1017933423212498e-08,--,301.29472833369715,53.74200195416401,2125803.1503918241,84.90674115753076,63.652578812442734,29.173104488245066,602.5894566673943,8.0071088243684316e-09,--,1839.2977300599825,23.88005761575009,146491183.80146316,11.864540422741877,35.878423809150128,0.022034845488249435,3678.5954601199651,1.3116417415998009e-09,--,--,--,--,--,--,--,--,--,--,0.00040883767413838986,6,3,--,--,--,--,--,,Protein,Sphere,1.5840000000000001,0,Rose_10,0,Globular Proteins,0.185,Sphere,0,,50,25,1000,PBS,1.333,0.90467608150726919,Aqueous,
Caution,B10 Rose_25 ,,16:55:17,2023-02-23,2485,22,22,View,5126283.6359948013,85712331.684146091,10,10,0,100,9.9614696502685547,24.979703494132604,82.91199803352356,34.999999403953552,25,0,B10,"466-WPR3, Z=9, Corner offsets=[-110,44],[-64,24],[-80,14],[-79,24]",2,10,2023-Feb-23 16:09:02,180.67898447717329,0.20823556255144351,1.3355135888760844e-08,361.35796895434657,95.967056466751956,53.114675591325501,0.531146755913255,642526.66481439909,1.0017725989508846,2.4682940836336962,--,131.44505817645245,603.52090433874207,84.893149035737423,195.57538614495886,305.14587164245722,1.1261781298157341,--,--,--,--,--,--,--,--,--,63.56567441504103,18.046192129642666,55764.656984783673,9.2262943163211748,0.88108177636469953,16.494825524673704,127.13134883008206,3.7960619660553667e-08,--,221.77968534859258,33.38406804185184,1037926.0173484581,90.773705683678841,99.118918223635305,83.505174475326285,443.55937069718516,1.0880132624154584e-08,--,--,--,--,--,--,--,--,--,--,--,--,--,--,--,--,--,--,--,0.00027873343935264159,6,2,--,--,--,--,--,,Protein,Sphere,1.5840000000000001,0,Rose_25,0,Globular Proteins,0.185,Sphere,0,,50,25,1000,PBS,1.333,0.90451489311760913,Aqueous,
Caution,B11 Rose_25 ,,16:57:14,2023-02-23,2602,23,23,View,5085489.2307374217,84758150.477637395,10,10,0,100,9.9614696502685547,24.987950862116527,93.999999761581421,100,25,0,B11,"466-WPR3, Z=9, Corner offsets=[-110,44],[-64,24],[-80,14],[-79,24]",2,11,2023-Feb-23 16:09:02,183.07406059803026,0.20273996465422398,1.3183279287111017e-08,366.14812119606052,104.49800042607015,57.079632190773879,0.57079632190773877,662632.7208383088,1.0062226988046847,32.829913321272677,--,1.1480635835154359e-05,658.85591517355397,137.44569773380044,173.83357824032095,206.04573094635788,0.3946305075635011,--,--,--,--,--,--,--,--,--,41.330838585106093,8.5803352408531115,20367.469299975965,8.8561369519996145,1.3323702034246063,58.499550907001023,82.661677170212187,5.8395052065530801e-08,--,187.15385392092145,12.12765546074235,697701.00780461752,91.143863048000384,98.667629796575383,41.50044909299897,374.3077078418429,1.2895895117976615e-08,--,--,--,--,--,--,--,--,--,--,--,--,--,--,--,--,--,--,--,0.0011163035379944436,4,2,--,--,--,--,--,,Protein,Sphere,1.5840000000000001,0,Rose_25,0,Globular Proteins,0.185,Sphere,0,,50,25,1000,PBS,1.333,0.90434351231623777,Aqueous,
Caution,B12 Rose_25 ,,16:59:11,2023-02-23,2719,24,24,View,6200558.1554624382,90019722.203529596,10,10,0,100,9.9614696502685547,24.966281257561388,80.320000648498535,34.999999403953552,25,0,B12,"466-WPR3, Z=9, Corner offsets=[-110,44],[-64,24],[-80,14],[-79,24]",2,12,2023-Feb-23 16:09:02,180.84482468164509,0.19450872293023533,1.333817311883582e-08,361.68964936329019,103.22553108117161,57.079615777165515,0.57079615777165515,643907.42756255262,1.0049031060826381,27.584556363617438,--,0.00062816299725534897,666.59670661452503,131.63920093948059,157.96683232518788,184.62986595859388,0.33545437506797376,--,--,--,--,--,--,--,--,--,22.668909020274526,6.3786971484805113,4995.9170717489651,3.2167105535961253,2.401909709489269,92.561080624648625,45.337818040549053,1.0640739601063005e-07,--,168.08690807735894,11.699896269492848,542603.82348031166,96.78328944640387,97.598090290510726,7.4389193753513698,336.17381615471788,1.4350550003211149e-08,--,--,--,--,--,--,--,--,--,--,--,--,--,--,--,--,--,--,--,0.0013157186658208345,4,2,--,--,--,--,--,,Protein,Sphere,1.5840000000000001,0,Rose_25,0,Globular Proteins,0.185,Sphere,0,,50,25,1000,PBS,1.333,0.9047939263936573,Aqueous,
Caution,C1 Rose_50 ,,17:01:19,2023-02-23,2847,25,25,View,4940929.9721840527,44917539.360304527,10,10,0,100,9.9614696502685547,25.079490875668441,88.999998569488525,100,25,0,C1,"466-WPR3, Z=9, Corner offsets=[-110,44],[-64,24],[-80,14],[-79,24]",3,1,2023-Feb-23 16:09:02,137.24540584178604,0.21899812499040991,1.7627816441697958e-08,274.49081168357208,78.3391732775561,57.079632499949795,0.57079632499949795,337672.77488151944,1.0077438937062766,57.301892579680256,--,2.4915023761502115e-09,880.97892591227003,69.830399184707346,133.36643806187698,218.14692951885675,1.1120978597729074,--,--,--,--,--,--,--,--,--,--,--,--,--,--,--,--,--,--,146.37789592757321,39.471351590836349,392607.17553315242,100,100,100,292.75579185514641,1.6528020206291368e-08,--,--,--,--,--,--,--,--,--,--,--,--,--,--,--,--,--,--,--,0.00088877529546161802,3,1,--,--,--,--,--,,Protein,Sphere,1.5840000000000001,0,Rose_50,0,Globular Proteins,0.185,Sphere,0,,50,25,1000,PBS,1.333,0.90244501658958431,Aqueous,
Good,C2 Rose_50 ,,17:03:14,2023-02-23,2962,26,26,View,4960848.6148943184,45098617.90684922,10,10,0,100,9.9614696502685547,25.038721233607113,88.999998569488525,100,25,0,C2,"466-WPR3, Z=9, Corner offsets=[-110,44],[-64,24],[-80,14],[-79,24]",3,2,2023-Feb-23 16:09:02,148.39190039840526,0.1856972291844913,1.6286224531300195e-08,296.78380079681051,62.358339463067445,42.022737963222148,0.42022737963222151,405363.12155708735,1.0036421675645579,9.2597040551416345,--,442.42228864499651,558.26662867663833,94.605370624896779,128.85156460072284,179.64849878934399,0.66000850224809871,--,--,--,--,--,--,--,--,--,--,--,--,--,--,--,--,--,--,139.22714248581889,23.372262509790509,349191.65900224628,98.725906492503285,98.183670467653386,99.9814785786116,278.45428497163778,1.73582806151532e-08,--,--,--,--,--,--,--,--,--,--,--,--,--,--,--,--,--,--,--,0.00037158704814870084,5,2,--,--,--,--,--,,Protein,Sphere,1.5840000000000001,0,Rose_50,0,Globular Proteins,0.185,Sphere,0,,50,25,1000,PBS,1.333,0.90328971916376388,Aqueous,
Caution,C3 Rose_50 ,,17:05:15,2023-02-23,3083,27,27,View,5267560.8762322608,47886910.829131879,10,10,0,100,9.9614696502685547,25.009649713952324,88.999998569488525,100,25,0,C3,"466-WPR3, Z=9, Corner offsets=[-110,44],[-64,24],[-80,14],[-79,24]",3,3,2023-Feb-23 16:09:02,137.36485914189686,0.19172427310047582,1.7580155423305366e-08,274.72971828379372,78.407356781228685,57.079632499192876,0.57079632499192878,338360.83801544335,1.0038761802603793,24.699894176098994,--,3.9959917913588725e-08,878.59698863540302,77.231704297498595,122.59504574647654,315.3012758842969,1.9419183714741635,--,--,--,--,--,--,--,--,--,--,--,--,--,--,--,--,--,--,117.79914765958608,30.049161752741455,236176.70295436552,73.150208138089624,71.881949165063958,98.062774067315758,235.59829531917217,2.050011075117045e-08,--,--,--,--,--,--,--,--,--,--,--,--,--,--,--,--,--,--,--,0.00050338213561317219,5,2,--,--,--,--,--,,Protein,Sphere,1.5840000000000001,0,Rose_50,0,Globular Proteins,0.185,Sphere,0,,50,25,1000,PBS,1.333,0.90389287318783385,Aqueous,
Caution,C4 Rose_100 ,,17:07:07,2023-02-23,3195,28,28,View,5129615.8204637934,146560466.98871049,10,10,0,100,9.9614696502685547,25.031878530077783,86.000001430511475,25,25,0,C4,"466-WPR3, Z=9, Corner offsets=[-110,44],[-64,24],[-80,14],[-79,24]",3,4,2023-Feb-23 16:09:02,312.63172818346868,0.015407155816653339,7.7289299383683824e-09,625.26345636693736,17.539919701058377,5.6104093474367493,0.05610409347436749,2317698.7733218283,1.0000235409274374,8.2749043274764986,--,308.19166473924622,73.008446240583822,88.686434880804413,275.26998047455476,747.34016623687512,2.3927553967947293,--,--,--,--,--,--,--,--,--,--,--,--,--,--,--,--,--,--,374.70114892879724,77.427588955717155,3540681.6345052249,100.00000000000001,100,100,749.40229785759448,6.4486290755949025e-09,--,--,--,--,--,--,--,--,--,--,--,--,--,--,--,--,--,--,--,0.0015958849767304792,3,1,--,--,--,--,--,,Protein,Sphere,1.5840000000000001,0,Rose_100,0,Globular Proteins,0.185,Sphere,0,,50,25,1000,PBS,1.333,0.90343162466588411,Aqueous,
Caution,C5 Rose_100 ,,17:09:05,2023-02-23,3313,29,29,View,4812495.5518474607,44934602.321181141,10,10,0,100,9.9614696502685547,24.971142732249639,87.400001287460327,85.000002384185791,25,0,C5,"466-WPR3, Z=9, Corner offsets=[-110,44],[-64,24],[-80,14],[-79,24]",3,5,2023-Feb-23 16:09:02,187.60330065855487,0.053678628904685208,1.2859307056230034e-08,375.20660131710974,107.08154782396579,57.078712073866058,0.57078712073866056,701627.69083532435,1.000879938591773,29.496457460330117,--,0.033331874051141575,642.6496983205933,59.984078338896396,207.3820484228745,619.98894804161944,2.7003536418003371,--,--,--,--,--,--,--,--,--,--,--,--,--,--,--,--,--,--,296.96822843519305,84.061449995503139,2055064.644899654,100.00000000000001,100,99.999999999999986,593.93645687038611,8.1235910677800487e-09,--,--,--,--,--,--,--,--,--,--,--,--,--,--,--,--,--,--,--,0.0029189982178387361,2,1,--,--,--,--,--,,Protein,Sphere,1.5840000000000001,0,Rose_100,0,Globular Proteins,0.185,Sphere,0,,50,25,1000,PBS,1.333,0.90469284483014467,Aqueous,
Caution,C6 Rose_100 ,,17:11:02,2023-02-23,3430,30,30,View,5917088.6777720796,41411833.967897691,10,10,0,100,9.9614696502685547,24.981890066852618,59.175997972488403,34.999999403953552,25,0,C6,"466-WPR3, Z=9, Corner offsets=[-110,44],[-64,24],[-80,14],[-79,24]",3,6,2023-Feb-23 16:09:02,139.8614616201624,0.076500089135457097,1.7253725961091597e-08,279.7229232403248,64.591730992967285,46.182651206939596,0.46182651206939596,352925.45562457829,1.0012934602070189,2.2504709279950896,--,380.43032594994025,655.90751677178991,76.528084337100111,117.47642991764215,196.89317185005643,1.0245892524767675,--,--,--,--,--,--,--,--,--,--,--,--,--,--,--,--,--,--,134.73929951627701,36.757692484942687,323421.87154282333,100,99.999999999999986,100,269.47859903255403,1.7909632453006013e-08,--,--,--,--,--,--,--,--,--,--,--,--,--,--,--,--,--,--,--,0.00081148460573816428,3,1,--,--,--,--,--,,Protein,Sphere,1.5840000000000001,0,Rose_100,0,Globular Proteins,0.185,Sphere,0,,50,25,1000,PBS,1.333,0.90446945061218564,Aqueous,
Caution,C7 Rose_200 ,,17:12:58,2023-02-23,3546,31,31,View,5307331.2658086987,16050022.279360214,10,10,0,100,9.9614696502685547,24.993127681179622,26.516801118850708,44.999998807907104,25,0,C7,"466-WPR3, Z=9, Corner offsets=[-110,44],[-64,24],[-80,14],[-79,24]",3,7,2023-Feb-23 16:09:02,123.67251876343352,0.098406076464429462,1.951804235530591e-08,247.34503752686703,61.327774245298087,49.588845491704326,0.49588845491704325,264654.63510029478,1.0025175385417546,3.2237796686883939,--,326.33913804224449,807.54733065101038,77.534019790745631,97.173021687486155,487.97412005696168,4.2238071137297171,--,--,--,--,--,--,--,--,--,--,--,--,--,--,--,--,--,--,100.73467717282747,15.386379796345109,163763.41235641899,88.348501185560352,86.268539809739025,99.88734574393402,201.46935434565495,2.3962408250643396e-08,--,--,--,--,--,--,--,--,--,--,--,--,--,--,--,--,--,--,--,0.00024431133845812452,5,2,--,--,--,--,--,,Protein,Sphere,1.5840000000000001,0,Rose_200,0,Globular Proteins,0.185,Sphere,0,,50,25,1000,PBS,1.333,0.90423596598129785,Aqueous,
Caution,C8 Rose_200 ,,17:14:53,2023-02-23,3661,32,32,View,4706213.7890502093,9883444.4094912335,10,10,0,100,9.9614696502685547,24.980503508878794,20.638099312782288,60.000002384185791,25,0,C8,"466-WPR3, Z=9, Corner offsets=[-110,44],[-64,24],[-80,14],[-79,24]",3,8,2023-Feb-23 16:09:02,119.3785628648167,0.17786363936250307,2.0213371370413367e-08,238.7571257296334,68.14084496239974,57.079632496130706,0.57079632496130706,243652.5284656765,1.0091932889978605,34.837849135157335,--,2.2025796986902262e-07,1010.1962574958594,67.614409165210276,86.42256977022754,419.34501955563991,4.0698929842699538,--,--,--,--,--,--,--,--,--,88.449813619271069,16.322768322341354,120798.10341635706,84.223513691640449,74.929339060332822,99.603501706621714,176.89962723854214,2.7281495868828313e-08,--,459.84721296777582,9.6631786169289686,5716916.6697617779,15.776486308359555,25.070660939667178,0.39649829337828202,919.69442593555164,5.2474890720320054e-09,--,--,--,--,--,--,--,--,--,--,--,--,--,--,--,--,--,--,--,0.0006956964547349308,4,2,--,--,--,--,--,,Protein,Sphere,1.5840000000000001,0,Rose_200,0,Globular Proteins,0.185,Sphere,0,,50,25,1000,PBS,1.333,0.90449826633845143,Aqueous,
Caution,C9 Rose_200 ,,17:16:59,2023-02-23,3787,33,33,View,6096928.1601152252,13399842.829844614,10,10,0,100,9.9614696502685547,24.976847953865505,30.000001192092896,64.999997615814209,25,0,C9,"466-WPR3, Z=9, Corner offsets=[-110,44],[-64,24],[-80,14],[-79,24]",3,9,2023-Feb-23 16:09:02,112.19551329023649,0.14746003577770445,2.1505413852922396e-08,224.39102658047298,64.040786665531471,57.079632498195842,0.57079632498195843,210722.6932548091,1.0067542358527226,35.290504246658948,--,1.0926765729494689e-07,1074.7681914691357,66.809161070602428,87.593340715285677,237.54230787273232,1.949156698533542,--,--,--,--,--,--,--,--,--,87.780185010806207,17.783606064951034,118669.13289500805,77.802301492354616,71.400639694102736,96.974450114241364,175.56037002161241,2.7486965827772641e-08,--,246.23243126211491,12.765994690527327,1325709.2330357663,22.197698507645384,28.599360305897267,3.025549885758644,492.46486252422983,9.7989161434999961e-09,--,--,--,--,--,--,--,--,--,--,--,--,--,--,--,--,--,--,--,0.00086541544669770933,4,2,--,--,--,--,--,,Protein,Sphere,1.5840000000000001,0,Rose_200,0,Globular Proteins,0.185,Sphere,0,,50,25,1000,PBS,1.333,0.90457424431905586,Aqueous,
Caution,C10 Rose_500 ,,17:18:59,2023-02-23,3907,34,34,View,3907409.5587510271,6132155.7416467546,10,10,0,100,9.9614696502685547,24.982153668106935,29.199999570846558,89.999997615814209,25,0,C10,"466-WPR3, Z=9, Corner offsets=[-110,44],[-64,24],[-80,14],[-79,24]",3,10,2023-Feb-23 16:09:02,115.20229334785516,0.1009736778165191,2.0947048981741531e-08,230.40458669571032,65.757045674281954,57.079632499786705,0.57079632499786703,224174.08047608758,1.0083158039640974,68.621590990428558,--,1.2584671911311951e-08,1046.8629948538071,81.296071000467265,105.51932135555082,126.29540952463503,0.42645591296537078,--,--,--,--,--,--,--,--,--,29.892539799004673,8.7994469019690094,9543.3430301586432,9.6181600488959234,1.3805011535211085,44.451053903445228,59.785079598009347,8.0727435600732332e-08,--,113.59893276144726,12.165332718671173,216941.84560617714,90.381839951104084,98.619498846478891,55.548946096554758,227.19786552289452,2.124270028692948e-08,--,--,--,--,--,--,--,--,--,--,--,--,--,--,--,--,--,--,--,0.0016298159182511582,3,2,--,--,--,--,--,,Protein,Sphere,1.5840000000000001,0,Rose_500,0,Globular Proteins,0.185,Sphere,0,,50,25,1000,PBS,1.333,0.90446397257500444,Aqueous,
Caution,C11 Rose_500 ,,17:20:56,2023-02-23,4024,35,35,View,5893118.8937828597,6933080.8570415657,10,10,0,100,9.9614696502685547,24.988691573519446,0,85.000002384185791,25,0,C11,"466-WPR3, Z=9, Corner offsets=[-110,44],[-64,24],[-80,14],[-79,24]",3,11,2023-Feb-23 16:09:02,151.42060108411701,0.091750045453279319,1.5939466129441687e-08,302.84120216823402,86.430322624772487,57.07963249779916,0.5707963249779916,424986.79930713348,1.0125893294390027,116.21826424382506,--,9.879269537545349e-08,796.60086069077022,34.180201785708533,117.16496150274305,153.37370504190039,1.0173135528525847,--,--,--,--,--,--,--,--,--,35.50734831513077,13.324690016698288,14276.221461673287,17.612489338823369,3.0414812097539019,56.703508806623667,71.01469663026154,6.7973635227823828e-08,--,131.5353917011511,17.903652492402287,305713.47760069941,82.38751066117662,96.958518790246103,43.296491193376333,263.0707834023022,1.8349156915604961e-08,--,--,--,--,--,--,--,--,--,--,--,--,--,--,--,--,--,--,--,0.0019762121563954732,3,2,--,--,--,--,--,,Protein,Sphere,1.5840000000000001,0,Rose_500,0,Globular Proteins,0.185,Sphere,0,,50,25,1000,PBS,1.333,0.90432812299789755,Aqueous,
Caution,C12 Rose_500 ,,17:22:53,2023-02-23,4141,36,36,View,4505780.5653717816,5300918.1635153461,10,10,0,100,9.9614696502685547,24.95404503463072,0,85.000002384185791,25,0,C12,"466-WPR3, Z=9, Corner offsets=[-110,44],[-64,24],[-80,14],[-79,24]",3,12,2023-Feb-23 16:09:02,134.69705682469836,0.095458033696133981,1.7902115301148066e-08,269.39411364939673,76.884584102350857,57.079631815869881,0.5707963181586988,323184.6718067599,1.009166346044257,63.250444249500752,--,3.4491288113728553e-05,894.68744383863407,46.043648298026234,134.4418089511818,192.56302206760614,1.0898348877675672,--,--,--,--,--,--,--,--,--,55.543771911366449,14.35524624359833,40670.217351494626,45.548470557116381,8.6168789572002904,79.363879889960174,111.0875438227329,4.3413728650782951e-08,--,177.00135746589507,14.340742952162936,612342.35376570339,54.451529442883604,91.383121042799715,20.636120110039819,354.00271493179014,1.3623411009521035e-08,--,--,--,--,--,--,--,--,--,--,--,--,--,--,--,--,--,--,--,0.0012236634588995118,3,2,--,--,--,--,--,,Protein,Sphere,1.5840000000000001,0,Rose_500,0,Globular Proteins,0.185,Sphere,0,,50,25,1000,PBS,1.333,0.90504843164772009,Aqueous,
Caution,D1 PBS Unfiltered ,,17:25:12,2023-02-23,4280,37,37,View,699950.67480251077,699950.67480251077,10,10,0,100,9.9614696502685547,25.094163330487838,0,100,25,0,D1,"466-WPR3, Z=9, Corner offsets=[-110,44],[-64,24],[-80,14],[-79,24]",4,1,2023-Feb-23 16:09:02,276.81003430393531,0.0022646812945007321,8.7434341853568124e-09,553.62006860787062,0.00074774533635099097,0.00027012941862142624,2.7012941862142622e-06,1743394.6191263616,1.0003484286493236,0.43108218989488478,--,348.64954853413803,0.57302695183364249,207.6556744208998,290.59740128471924,413.91898135112228,0.70979061071551508,--,--,--,--,--,--,--,--,--,--,--,--,--,--,--,--,--,--,317.0586713621617,25.645892463128661,2395218.7142821033,100,100,100,634.11734272432341,7.6335093009276349e-09,--,--,--,--,--,--,--,--,--,--,--,--,--,--,--,--,--,--,--,0.00032709568079365681,3,1,--,--,--,--,--,,Protein,Sphere,1.5840000000000001,0,PBS Unfiltered,0,Globular Proteins,0.185,Sphere,0,,50,25,1000,PBS,1.333,0.90214134889577213,Aqueous,
Caution,D2 PBS Unfiltered ,,17:27:12,2023-02-23,4400,38,38,View,618183.43586495169,618183.43586495169,10,10,0,100,9.9614696502685547,25.095578940663195,0,100,25,0,D2,"466-WPR3, Z=9, Corner offsets=[-110,44],[-64,24],[-80,14],[-79,24]",4,2,2023-Feb-23 16:09:02,351.20173116644378,0.0010845371256703337,6.8916527877311429e-09,702.40346233288756,167.6351473088898,47.731868163668892,0.47731868163668895,3042790.8551789043,1.0001396545398262,0.078480640362022361,--,136.23224420161364,272.26646110226665,128.35674772772376,212.14012506324391,359.27361833240462,1.0885110515318079,--,--,--,--,--,--,--,--,--,--,--,--,--,--,--,--,--,--,241.38718200290455,38.516749643279823,1265474.3697352689,100,100,100,482.7743640058091,1.0026880340398948e-08,--,--,--,--,--,--,--,--,--,--,--,--,--,--,--,--,--,--,--,0.00012976225656582556,3,1,--,--,--,--,--,,Protein,Sphere,1.5840000000000001,0,PBS Unfiltered,0,Globular Proteins,0.185,Sphere,0,,50,25,1000,PBS,1.333,0.90211206001239952,Aqueous,
Caution,D3 PBS Unfiltered ,,17:29:11,2023-02-23,4519,39,39,View,1236801.5813511987,1236801.5813511987,10,10,0,100,9.9614696502685547,24.999608617890182,0,100,25,0,D3,"466-WPR3, Z=9, Corner offsets=[-110,44],[-64,24],[-80,14],[-79,24]",4,3,2023-Feb-23 16:09:02,406.30411928740256,0.0049925222026032997,5.9419957574714814e-09,812.60823857480511,2.8850236263189217e-06,7.1006506933250576e-07,7.1006506933250575e-09,4279260.7920557018,1.0002058375095135,0.91712404039949791,--,236.94055382766655,0.019965880734481845,176.09768467798219,306.16172337098016,554.2850184343788,1.2352534784308817,--,--,--,--,--,--,--,--,--,--,--,--,--,--,--,--,--,--,356.30052015488155,43.370521459803854,3147159.8493337529,100,100,99.999999999999986,712.60104030976311,6.7759018482472902e-09,--,--,--,--,--,--,--,--,--,--,--,--,--,--,--,--,--,--,--,0.0005536341821905889,2,1,--,--,--,--,--,,Protein,Sphere,1.5840000000000001,0,PBS Unfiltered,0,Globular Proteins,0.185,Sphere,0,,50,25,1000,PBS,1.333,0.9041013578570436,Aqueous,
Caution,D4 PBS 0.02 um filtered ,,17:31:06,2023-02-23,4634,40,40,View,1064593.9586582496,1064593.9586582496,10,10,0,100,9.9614696502685547,24.947561715337006,0,100,25,0,D4,"466-WPR3, Z=9, Corner offsets=[-110,44],[-64,24],[-80,14],[-79,24]",4,4,2023-Feb-23 16:09:02,390.80378467537957,0.0053373659235991678,6.169209492309411e-09,781.60756935075915,0.00013948623194939315,3.5692139487660568e-05,3.569213948766057e-07,3907003.1932961717,1.000244681021957,2.3665441530932574,--,246.00083430700846,0.14696802932547801,190.31668681688535,333.68257718907626,599.66284532569921,1.226753167507646,--,--,--,--,--,--,--,--,--,--,--,--,--,--,--,--,--,--,386.56062226561755,43.186666409830544,3808469.0032387199,100,100.00000000000001,100,773.12124453123511,6.2369270928821032e-09,--,--,--,--,--,--,--,--,--,--,--,--,--,--,--,--,--,--,--,0.00084490965675983632,2,1,--,--,--,--,--,,Protein,Sphere,1.5840000000000001,0,PBS 0.02 um filtered,0,Globular Proteins,0.185,Sphere,0,,50,25,1000,PBS,1.333,0.9051833298108628,Aqueous,
Caution,D5 PBS 0.02 um filtered ,,17:33:00,2023-02-23,4748,41,41,View,1095477.1745193743,1095477.1745193743,10,10,0,100,9.9614696502685547,24.984579446309549,0,100,25,0,D5,"466-WPR3, Z=9, Corner offsets=[-110,44],[-64,24],[-80,14],[-79,24]",4,5,2023-Feb-23 16:09:02,351.26159912227979,0.0056930333616444888,6.870384447005046e-09,702.52319824455958,200.49882989260368,57.079632499995206,0.57079632499995203,3044004.6302486211,1.0022676342761283,3.8389601659370585,--,9.2060426332016252e-11,343.35868714950828,120.68058596430632,159.09807808062061,209.58522080360004,0.55880395232834057,--,--,--,--,--,--,--,--,--,--,--,--,--,--,--,--,--,--,170.83561314942546,20.389644678163656,563593.04210236983,100,100,100,341.67122629885091,1.412645866368027e-08,--,--,--,--,--,--,--,--,--,--,--,--,--,--,--,--,--,--,--,0.00050656392892734913,2,1,--,--,--,--,--,,Protein,Sphere,1.5840000000000001,0,PBS 0.02 um filtered,0,Globular Proteins,0.185,Sphere,0,,50,25,1000,PBS,1.333,0.90441356384937444,Aqueous,
Caution,D6 PBS 0.02 um filtered ,,17:34:55,2023-02-23,4863,42,42,View,1181786.4552899199,1181786.4552899199,10,10,0,100,9.9614696502685547,25.049394169732704,0,100,25,0,D6,"466-WPR3, Z=9, Corner offsets=[-110,44],[-64,24],[-80,14],[-79,24]",4,6,2023-Feb-23 16:09:02,117.15520433001663,0.0036340138624828128,2.0634358650392101e-08,234.31040866003326,66.871760049551952,57.07963246872044,0.57079632468720443,233166.96290634596,1.0002339970775891,0.46921767275906912,--,1.8176821579414061e-06,1031.235783868342,68.279719964207516,130.69258512320931,260.43904950906898,1.4703154686526776,--,--,--,--,--,--,--,--,--,--,--,--,--,--,--,--,--,--,156.93578355439558,50.463163319979962,462092.52836620307,100,100,100.00000000000001,313.87156710879117,1.5403896097843284e-08,--,--,--,--,--,--,--,--,--,--,--,--,--,--,--,--,--,--,--,0.00033605099172210679,2,1,--,--,--,--,--,,Protein,Sphere,1.5840000000000001,0,PBS 0.02 um filtered,0,Globular Proteins,0.185,Sphere,0,,50,25,1000,PBS,1.333,0.9030684573090092,Aqueous,
